 440, 428, 418, 409, 400, 400, 395, 394, 399, 401, 399, 406, 396, 393, 383, 381,2
 433, 393, 387, 383, 387, 394, 374, 372, 380, 368, 372, 361, 367, 352, 365, 371,2
 426, 422, 408, 410, 372, 381, 380, 384, 351, 372, 381, 387, 388, 394, 399, 379,2
 447, 415, 396, 402, 395, 400, 389, 387, 377, 385, 387, 397, 389, 382, 388, 392,2
 398, 404, 404, 408, 407, 390, 359, 366, 381, 379, 357, 370, 379, 356, 376, 383,2
 434, 424, 417, 410, 412, 403, 400, 412, 365, 370, 376, 362, 379, 376, 390, 389,2
 431, 412, 368, 374, 383, 383, 383, 389, 392, 401, 393, 391, 360, 363, 372, 388,2
 433, 420, 406, 396, 366, 382, 389, 403, 388, 400, 381, 383, 381, 392, 380, 392,2
 441, 398, 399, 368, 380, 350, 358, 374, 343, 368, 373, 393, 380, 391, 363, 372,2
 401, 404, 401, 370, 379, 359, 376, 379, 374, 384, 388, 390, 375, 388, 367, 379,2
 431, 408, 376, 347, 360, 369, 373, 372, 373, 387, 381, 387, 394, 407, 398, 364,2
 427, 404, 402, 400, 398, 364, 378, 352, 373, 349, 360, 373, 379, 378, 359, 374,2
 396, 395, 397, 393, 383, 380, 381, 379, 375, 390, 352, 374, 352, 373, 382, 398,2
 437, 426, 415, 403, 401, 409, 400, 405, 409, 406, 402, 404, 397, 404, 406, 408,2
 445, 430, 423, 382, 384, 390, 393, 382, 384, 353, 371, 379, 367, 376, 390, 398,2
 433, 411, 412, 405, 395, 403, 406, 402, 403, 408, 409, 401, 401, 397, 385, 387,2
 450, 436, 426, 425, 420, 424, 415, 414, 415, 411, 406, 416, 373, 373, 372, 380,2
 424, 386, 362, 376, 354, 372, 390, 394, 390, 363, 370, 384, 382, 366, 377, 385,2
 422, 420, 414, 402, 396, 391, 359, 382, 377, 388, 400, 394, 395, 385, 394, 396,2
 374, 387, 393, 397, 394, 398, 399, 399, 390, 373, 381, 356, 379, 381, 387, 393,2
 514, 468, 443, 427, 410, 409, 396, 407, 370, 370, 353, 362, 377, 356, 375, 375,2
 417, 417, 395, 396, 364, 381, 388, 401, 404, 380, 386, 363, 366, 379, 387, 395,2
 465, 402, 375, 377, 373, 379, 380, 361, 344, 359, 361, 386, 391, 397, 384, 400,2
 359, 377, 378, 383, 393, 393, 390, 336, 365, 379, 348, 368, 366, 381, 378, 327,2
 347, 358, 369, 378, 390, 389, 389, 387, 354, 370, 343, 359, 365, 388, 393, 402,2
 360, 383, 380, 394, 358, 371, 366, 368, 375, 376, 382, 390, 400, 391, 395, 399,2
 376, 376, 381, 390, 390, 336, 363, 381, 388, 390, 390, 362, 380, 367, 385, 383,2
 308, 333, 362, 372, 374, 380, 381, 379, 371, 369, 379, 395, 398, 397, 392, 401,2
 422, 417, 411, 401, 392, 406, 396, 408, 368, 385, 391, 383, 373, 378, 389, 383,2
 390, 391, 392, 394, 390, 402, 391, 399, 395, 391, 379, 387, 394, 392, 394, 400,2
 661, 588, 533, 497, 469, 452, 437, 420, 412, 427, 422, 414, 383, 402, 400, 411,2
 578, 484, 448, 433, 407, 400, 377, 379, 377, 376, 385, 399, 406, 408, 406, 397,2
 308, 345, 352, 371, 379, 373, 363, 363, 334, 354, 365, 376, 377, 394, 398, 407,2
 205, 240, 319, 346, 361, 380, 381, 377, 348, 341, 356, 365, 372, 377, 378, 387,2
 828, 684, 584, 529, 489, 477, 453, 444, 435, 441, 432, 441, 427, 432, 425, 426,2
 164, 258, 312, 300, 337, 352, 357, 372, 375, 388, 395, 394, 379, 382, 394, 395,2
 820, 675, 584, 528, 484, 461, 439, 427, 423, 418, 415, 418, 426, 441, 430, 430,2
 231, 312, 324, 367, 395, 392, 416, 431, 424, 416, 421, 427, 424, 411, 413, 408,2
 654, 552, 491, 455, 425, 407, 409, 408, 405, 403, 402, 400, 403, 407, 386, 385,2
 615, 530, 486, 450, 422, 405, 396, 396, 400, 403, 392, 387, 388, 389, 387, 380,2
 655, 555, 495, 473, 415, 410, 402, 394, 359, 374, 390, 372, 372, 360, 379, 384,2
 253, 309, 306, 340, 333, 360, 374, 379, 389, 386, 395, 395, 386, 380, 388, 389,2
 588, 528, 489, 452, 399, 396, 382, 391, 392, 400, 409, 411, 409, 414, 410, 382,2
 627, 547, 478, 450, 443, 396, 404, 401, 390, 392, 390, 380, 392, 405, 395, 398,2
 197, 277, 314, 347, 366, 390, 403, 402, 365, 375, 370, 381, 376, 377, 370, 377,2
 273, 311, 338, 344, 344, 338, 333, 354, 374, 382, 373, 386, 389, 397, 395, 399,2
 561, 509, 460, 429, 414, 411, 392, 378, 391, 382, 366, 389, 394, 410, 382, 407,2
 411, 413, 418, 416, 407, 389, 371, 381, 376, 380, 383, 373, 380, 394, 366, 382,2
 450, 447, 430, 412, 408, 412, 371, 386, 401, 400, 407, 403, 393, 402, 395, 361,2
 353, 359, 368, 387, 385, 379, 389, 396, 335, 361, 380, 384, 394, 395, 401, 398,2
 433, 422, 405, 412, 404, 395, 393, 397, 393, 389, 389, 398, 396, 396, 385, 383,2
 352, 371, 381, 386, 351, 376, 356, 362, 376, 380, 383, 378, 349, 383, 384, 382,2
 444, 394, 385, 386, 390, 366, 375, 389, 393, 397, 404, 408, 398, 399, 362, 363,2
 483, 449, 419, 414, 405, 390, 406, 403, 403, 409, 409, 410, 395, 396, 404, 412,2
 565, 495, 453, 433, 418, 357, 378, 397, 400, 373, 372, 380, 359, 374, 376, 394,2
 529, 487, 438, 423, 405, 393, 395, 402, 414, 409, 417, 401, 401, 371, 367, 373,2
 360, 385, 392, 387, 392, 389, 402, 394, 392, 397, 395, 394, 361, 381, 381, 390,2
 459, 441, 416, 408, 409, 410, 401, 409, 395, 395, 382, 365, 379, 376, 382, 394,2
 490, 459, 435, 424, 416, 414, 402, 399, 383, 392, 395, 402, 403, 388, 394, 374,2
 444, 434, 429, 402, 407, 397, 393, 395, 397, 403, 372, 382, 396, 393, 397, 405,2
 442, 420, 405, 406, 378, 384, 395, 392, 361, 379, 379, 374, 376, 392, 361, 368,2
 450, 399, 390, 396, 390, 391, 401, 401, 389, 384, 401, 387, 390, 368, 380, 390,2
 453, 430, 420, 411, 395, 401, 365, 379, 354, 372, 389, 392, 358, 351, 361, 380,2
 446, 432, 362, 373, 373, 383, 380, 390, 396, 395, 390, 403, 390, 400, 403, 403,2
 496, 462, 440, 433, 422, 413, 409, 396, 392, 397, 390, 401, 389, 404, 397, 403,2
 383, 390, 332, 351, 368, 383, 389, 396, 394, 391, 352, 371, 370, 381, 382, 365,2
 419, 411, 410, 411, 394, 397, 397, 398, 401, 401, 395, 398, 387, 389, 373, 381,2
 355, 342, 370, 381, 382, 390, 383, 386, 361, 377, 384, 381, 351, 340, 361, 373,2
 426, 429, 420, 410, 380, 360, 367, 382, 378, 392, 396, 387, 396, 403, 392, 401,2
 408, 406, 414, 399, 393, 401, 403, 395, 398, 387, 394, 395, 395, 390, 398, 398,2
 420, 401, 386, 386, 383, 381, 380, 372, 342, 324, 341, 330, 358, 377, 373, 383,2
 416, 406, 399, 388, 363, 374, 352, 372, 383, 381, 390, 390, 385, 384, 394, 369,2
 430, 422, 417, 407, 392, 396, 403, 369, 383, 393, 382, 385, 390, 393, 391, 386,2
 435, 416, 380, 389, 386, 362, 373, 388, 352, 375, 369, 377, 385, 388, 389, 396,2
 443, 431, 412, 403, 402, 389, 394, 398, 391, 384, 347, 368, 347, 354, 344, 357,2
 437, 420, 406, 404, 408, 394, 394, 403, 392, 396, 366, 387, 384, 395, 396, 405,2
 454, 443, 424, 418, 400, 395, 381, 386, 381, 386, 368, 369, 387, 390, 405, 389,2
 452, 432, 427, 405, 393, 396, 396, 402, 393, 382, 382, 398, 405, 391, 384, 391,2
 451, 433, 423, 402, 401, 406, 376, 374, 376, 391, 382, 380, 380, 396, 395, 401,2
 430, 426, 378, 382, 384, 391, 388, 398, 378, 381, 386, 363, 382, 398, 353, 371,2
 408, 403, 388, 396, 400, 398, 405, 395, 399, 391, 387, 384, 388, 401, 391, 389,2
 432, 424, 408, 400, 395, 385, 395, 392, 402, 405, 399, 391, 387, 393, 398, 406,2
 462, 443, 425, 419, 371, 388, 399, 399, 395, 397, 391, 387, 384, 399, 397, 397,2
 431, 413, 401, 402, 399, 391, 385, 390, 388, 369, 375, 390, 398, 404, 399, 404,2
 459, 438, 425, 405, 403, 390, 393, 391, 394, 373, 382, 389, 389, 397, 396, 396,2
 395, 394, 360, 383, 381, 381, 388, 403, 390, 361, 373, 371, 376, 352, 369, 382,2
 427, 420, 376, 383, 388, 392, 389, 394, 401, 400, 398, 369, 365, 372, 382, 383,2
 495, 454, 400, 410, 402, 406, 409, 408, 410, 409, 403, 369, 373, 373, 375, 381,2
 389, 404, 398, 408, 398, 404, 366, 357, 358, 376, 391, 395, 394, 397, 395, 392,2
 441, 424, 385, 385, 383, 385, 358, 350, 361, 378, 392, 386, 394, 365, 369, 377,2
 483, 453, 436, 428, 412, 405, 404, 395, 384, 386, 395, 405, 407, 405, 400, 396,2
 451, 427, 405, 396, 396, 402, 392, 400, 368, 349, 369, 350, 375, 381, 383, 387,2
 418, 412, 402, 402, 405, 409, 410, 397, 378, 360, 347, 362, 361, 379, 377, 371,2
 370, 378, 371, 387, 378, 360, 369, 370, 373, 371, 377, 385, 380, 381, 388, 381,2
 426, 393, 385, 393, 383, 396, 399, 406, 399, 386, 385, 381, 381, 392, 401, 392,2
 549, 496, 464, 437, 421, 409, 407, 401, 398, 405, 402, 397, 402, 406, 343, 354,2
 475, 436, 428, 407, 407, 402, 394, 394, 363, 375, 378, 358, 368, 373, 388, 403,2
 453, 429, 412, 419, 405, 401, 402, 374, 378, 381, 376, 388, 385, 386, 386, 336,2
 445, 421, 411, 402, 403, 368, 379, 356, 361, 373, 381, 386, 373, 380, 390, 397,2
 440, 397, 382, 367, 381, 390, 390, 401, 398, 397, 385, 394, 401, 393, 396, 399,2
 464, 434, 411, 407, 409, 403, 390, 368, 381, 395, 395, 398, 383, 389, 380, 391,2
 454, 440, 431, 423, 412, 409, 404, 410, 403, 393, 359, 374, 354, 369, 380, 383,2
 447, 430, 421, 405, 396, 403, 398, 393, 392, 361, 378, 395, 390, 356, 379, 388,2
 441, 423, 407, 397, 377, 376, 382, 383, 383, 395, 392, 365, 357, 377, 381, 386,2
 402, 347, 357, 361, 368, 385, 389, 394, 387, 389, 390, 388, 381, 388, 391, 388,2
 433, 422, 376, 379, 380, 395, 380, 365, 366, 375, 377, 383, 392, 392, 386, 388,2
 443, 417, 399, 399, 387, 394, 358, 378, 362, 377, 380, 364, 374, 388, 392, 362,2
 409, 375, 387, 393, 384, 396, 405, 403, 392, 404, 392, 368, 390, 398, 396, 400,2
 442, 425, 411, 411, 397, 368, 374, 381, 374, 390, 399, 362, 373, 379, 378, 387,2
 440, 423, 409, 410, 409, 399, 391, 395, 398, 392, 371, 382, 379, 385, 359, 376,2
 439, 424, 410, 410, 384, 392, 389, 391, 387, 395, 399, 399, 403, 395, 366, 350,2
 419, 408, 404, 406, 400, 396, 404, 399, 382, 389, 355, 364, 371, 384, 386, 397,2
 421, 410, 414, 414, 401, 401, 403, 401, 399, 363, 371, 375, 387, 380, 382, 384,2
 422, 412, 411, 403, 393, 389, 393, 398, 396, 397, 395, 401, 381, 386, 361, 376,2
 435, 415, 410, 412, 414, 408, 402, 379, 374, 383, 382, 397, 386, 389, 389, 383,2
 427, 420, 408, 415, 401, 402, 374, 385, 386, 384, 378, 383, 382, 384, 385, 396,2
 459, 428, 419, 412, 410, 399, 400, 408, 395, 368, 376, 384, 397, 385, 383, 377,2
 440, 427, 426, 399, 400, 385, 393, 404, 397, 393, 394, 370, 322, 359, 341, 371,2
 429, 413, 399, 400, 373, 383, 392, 392, 362, 378, 387, 391, 392, 407, 397, 388,2
 442, 427, 420, 421, 409, 398, 398, 392, 388, 394, 393, 392, 393, 387, 390, 397,2
 446, 395, 396, 402, 390, 387, 383, 388, 384, 395, 384, 358, 371, 386, 328, 360,2
 405, 403, 388, 386, 395, 389, 378, 389, 391, 386, 389, 391, 393, 387, 385, 382,2
 415, 412, 408, 410, 403, 392, 393, 392, 359, 384, 389, 386, 379, 381, 386, 391,2
 441, 420, 415, 377, 389, 385, 388, 399, 402, 377, 376, 386, 386, 384, 385, 391,2
 430, 421, 408, 403, 393, 393, 392, 387, 375, 388, 332, 359, 372, 387, 382, 396,2
 433, 429, 407, 406, 395, 401, 387, 389, 396, 370, 387, 391, 382, 359, 375, 386,2
 440, 425, 421, 423, 405, 402, 392, 399, 388, 355, 380, 356, 380, 387, 381, 383,2
 443, 415, 415, 406, 405, 393, 389, 385, 394, 400, 399, 397, 393, 386, 359, 364,2
 427, 415, 407, 404, 395, 401, 397, 393, 388, 400, 395, 398, 396, 393, 384, 401,2
 437, 425, 421, 415, 411, 408, 375, 381, 380, 395, 384, 395, 382, 387, 385, 389,2
 437, 426, 414, 413, 392, 398, 357, 375, 370, 375, 383, 398, 369, 386, 361, 365,2
 446, 431, 408, 415, 396, 382, 384, 353, 358, 339, 320, 344, 371, 381, 394, 406,2
 438, 444, 435, 417, 410, 427, 418, 411, 407, 397, 401, 396, 365, 350, 356, 373,2
 455, 420, 407, 409, 389, 383, 394, 403, 401, 387, 380, 386, 380, 380, 361, 367,2
 432, 414, 417, 412, 400, 395, 379, 369, 375, 388, 396, 377, 393, 370, 388, 379,2
 445, 429, 385, 358, 369, 377, 384, 369, 388, 393, 398, 392, 362, 366, 374, 377,2
 431, 414, 406, 377, 373, 387, 377, 388, 393, 393, 391, 397, 389, 398, 392, 368,2
 426, 422, 377, 387, 382, 381, 387, 397, 400, 393, 390, 402, 396, 398, 367, 382,2
 433, 394, 399, 388, 357, 367, 368, 378, 387, 384, 394, 405, 397, 396, 393, 396,2
 437, 413, 408, 403, 392, 385, 380, 386, 389, 395, 398, 401, 404, 411, 406, 400,2
 421, 410, 401, 407, 397, 392, 386, 400, 393, 398, 363, 373, 381, 382, 389, 394,2
 408, 406, 369, 379, 385, 386, 392, 401, 383, 382, 351, 359, 373, 381, 385, 392,2
 430, 391, 391, 401, 387, 383, 384, 394, 384, 390, 389, 400, 399, 399, 393, 393,2
 426, 399, 395, 400, 400, 411, 394, 405, 398, 409, 400, 394, 389, 385, 391, 403,2
 439, 422, 412, 369, 372, 358, 364, 373, 384, 389, 390, 400, 404, 397, 388, 400,2
 446, 432, 426, 413, 412, 414, 410, 366, 385, 387, 398, 402, 400, 408, 404, 392,2
 438, 434, 412, 418, 374, 358, 344, 361, 373, 379, 380, 380, 392, 401, 398, 395,2
 426, 381, 388, 371, 378, 387, 382, 382, 391, 383, 388, 396, 371, 374, 372, 381,2
 435, 429, 415, 399, 366, 382, 366, 384, 397, 389, 388, 393, 397, 392, 385, 384,2
 443, 432, 388, 365, 367, 365, 382, 387, 395, 395, 384, 391, 379, 356, 372, 348,2
 435, 412, 407, 413, 393, 404, 397, 405, 391, 390, 385, 379, 377, 385, 389, 362,2
 419, 408, 401, 401, 402, 395, 394, 400, 396, 403, 400, 393, 389, 390, 387, 397,2
 450, 424, 410, 413, 402, 343, 364, 353, 335, 356, 374, 382, 384, 400, 399, 391,2
 441, 417, 405, 395, 394, 391, 383, 394, 391, 393, 384, 385, 387, 388, 394, 388,2
 431, 413, 404, 394, 393, 391, 379, 382, 387, 385, 390, 397, 377, 390, 356, 376,2
 435, 424, 417, 383, 375, 378, 384, 382, 387, 391, 374, 386, 364, 368, 376, 383,2
 436, 392, 389, 383, 381, 352, 369, 386, 383, 386, 390, 394, 369, 374, 384, 387,2
 441, 415, 411, 407, 397, 391, 390, 404, 374, 376, 381, 388, 388, 391, 395, 390,2
 449, 424, 408, 410, 406, 403, 393, 383, 384, 385, 384, 397, 384, 396, 391, 390,2
 416, 410, 405, 394, 398, 393, 389, 394, 398, 378, 381, 391, 360, 372, 376, 388,2
 413, 397, 390, 383, 390, 401, 388, 386, 361, 367, 379, 386, 352, 347, 362, 380,2
 428, 415, 399, 389, 386, 392, 359, 377, 383, 385, 377, 390, 364, 377, 379, 393,2
 448, 427, 412, 416, 403, 397, 383, 390, 377, 395, 382, 391, 396, 392, 392, 391,2
 415, 410, 371, 390, 356, 377, 385, 389, 394, 384, 391, 393, 388, 396, 394, 394,2
 443, 422, 410, 348, 369, 380, 396, 389, 393, 405, 401, 397, 360, 379, 383, 385,2
 419, 407, 401, 407, 406, 409, 407, 402, 402, 399, 392, 376, 389, 389, 396, 408,2
 371, 363, 353, 377, 389, 409, 410, 421, 409, 410, 401, 407, 395, 391, 379, 365,2
 412, 403, 394, 374, 358, 328, 349, 357, 379, 391, 408, 420, 418, 387, 398, 415,2
 424, 421, 404, 411, 393, 393, 383, 371, 367, 371, 354, 360, 366, 385, 362, 382,2
 432, 433, 429, 424, 420, 433, 416, 421, 412, 406, 398, 402, 384, 345, 341, 357,2
 470, 440, 413, 410, 401, 396, 387, 399, 399, 368, 383, 392, 396, 404, 403, 393,2
 433, 414, 380, 387, 392, 392, 388, 384, 380, 382, 361, 393, 376, 383, 381, 392,2
 425, 417, 403, 403, 392, 394, 364, 379, 391, 382, 361, 376, 359, 369, 384, 389,2
 409, 387, 389, 393, 406, 420, 419, 410, 418, 419, 408, 412, 378, 376, 392, 387,2
 450, 432, 417, 399, 366, 372, 372, 372, 377, 379, 399, 400, 413, 392, 375, 388,2
 418, 431, 409, 404, 411, 393, 386, 386, 363, 363, 360, 367, 366, 341, 357, 372,2
 371, 372, 391, 392, 407, 422, 423, 410, 413, 400, 393, 379, 385, 384, 376, 369,2
 467, 433, 397, 376, 309, 319, 346, 375, 399, 409, 411, 416, 412, 412, 405, 393,2
 418, 425, 420, 416, 399, 390, 396, 364, 354, 362, 365, 370, 379, 366, 378, 406,2
 421, 422, 422, 427, 423, 416, 417, 412, 401, 370, 382, 361, 366, 358, 349, 345,2
 448, 420, 382, 374, 394, 393, 399, 400, 379, 389, 413, 408, 378, 389, 361, 372,2
 453, 444, 428, 418, 406, 388, 345, 348, 352, 358, 370, 380, 385, 401, 400, 409,2
 430, 429, 424, 429, 423, 423, 412, 384, 383, 381, 376, 360, 347, 355, 388, 355,2
 436, 415, 411, 405, 404, 412, 385, 398, 419, 415, 416, 421, 402, 367, 373, 378,2
 462, 447, 413, 406, 380, 395, 392, 394, 388, 374, 392, 365, 372, 377, 375, 380,2
 408, 404, 403, 398, 407, 396, 372, 380, 377, 373, 383, 382, 386, 357, 373, 378,2
 407, 404, 404, 400, 410, 411, 399, 404, 375, 370, 379, 389, 358, 378, 379, 380,2
 415, 416, 404, 408, 407, 392, 388, 406, 379, 376, 387, 388, 394, 392, 379, 392,2
 442, 425, 408, 404, 409, 406, 398, 400, 397, 398, 401, 404, 404, 399, 398, 408,2
 440, 434, 423, 422, 413, 394, 402, 411, 408, 400, 401, 388, 393, 393, 392, 387,2
 439, 435, 408, 400, 398, 370, 367, 381, 384, 388, 383, 393, 397, 397, 395, 392,2
 469, 450, 436, 428, 410, 389, 388, 351, 349, 351, 354, 376, 382, 393, 371, 387,2
 435, 392, 394, 404, 406, 399, 384, 385, 389, 379, 391, 390, 391, 382, 388, 385,2
 440, 429, 417, 406, 389, 386, 393, 399, 397, 403, 391, 392, 394, 402, 358, 350,2
 411, 399, 398, 415, 391, 366, 376, 394, 396, 373, 388, 385, 397, 403, 395, 394,2
 445, 430, 419, 407, 389, 391, 397, 387, 385, 391, 362, 376, 377, 384, 390, 393,2
 437, 426, 391, 389, 385, 383, 374, 389, 363, 373, 381, 380, 348, 362, 373, 384,2
 441, 416, 384, 384, 372, 381, 378, 379, 383, 391, 400, 408, 393, 395, 400, 409,2
 413, 418, 413, 401, 394, 356, 381, 386, 373, 369, 368, 363, 364, 375, 384, 390,2
 383, 393, 397, 398, 401, 411, 413, 405, 411, 397, 386, 354, 359, 367, 375, 371,2
 457, 429, 400, 384, 369, 387, 387, 399, 407, 417, 412, 416, 401, 412, 378, 395,2
 459, 433, 422, 405, 402, 391, 385, 363, 366, 372, 377, 379, 386, 396, 405, 398,2
 420, 433, 416, 422, 414, 413, 408, 407, 392, 402, 389, 384, 381, 374, 378, 372,2
 437, 400, 388, 376, 389, 388, 392, 405, 398, 393, 394, 406, 412, 407, 401, 388,2
 447, 434, 425, 380, 381, 381, 375, 363, 369, 375, 390, 411, 419, 418, 414, 417,2
 474, 442, 430, 386, 385, 394, 401, 388, 360, 381, 380, 378, 355, 373, 376, 391,2
 436, 432, 424, 408, 377, 386, 365, 372, 388, 400, 369, 368, 386, 364, 371, 373,2
 426, 390, 396, 386, 386, 399, 389, 386, 397, 391, 383, 387, 385, 388, 390, 399,2
 447, 425, 414, 406, 401, 404, 404, 399, 391, 380, 397, 390, 351, 376, 352, 366,2
 437, 421, 401, 401, 389, 383, 385, 398, 339, 357, 367, 386, 388, 389, 385, 383,2
 440, 422, 413, 404, 399, 407, 391, 394, 397, 390, 396, 403, 392, 390, 387, 384,2
 438, 429, 409, 397, 402, 396, 368, 347, 357, 372, 384, 388, 386, 384, 357, 376,2
 446, 437, 423, 409, 398, 387, 396, 394, 358, 368, 383, 386, 394, 369, 374, 381,2
 445, 427, 418, 418, 405, 404, 389, 395, 390, 399, 390, 361, 373, 387, 392, 393,2
 443, 420, 402, 408, 404, 395, 395, 389, 386, 357, 368, 381, 391, 390, 392, 374,2
 441, 426, 423, 417, 410, 404, 370, 370, 376, 391, 381, 387, 382, 351, 361, 377,2