970,977,976,975,970,960,949,955,950,951,946,943,942,943,942,944,4
,,,,,,,,,,,,,,,,
,,,,,,,,,,,,,,,,
,,,,,,,,,,,,,,,,
,,,,,,,,,,,,,,,,
,,,,,,,,,,,,,,,,
1006,993,990,979,974,973,971,967,0,0,0,0,0,0,5,0,4
,,,,,,,,,,,,,,,,
1003,992,978,972,0,0,0,0,0,0,0,0,0,2,0,0,4
,,,,,,,,,,,,,,,,
0,0,0,0,0,0,1,0,0,2,0,0,0,6,0,0,4
,,,,,,,,,,,,,,,,
999,994,984,977,973,969,960,964,0,0,0,0,1,0,0,0,4
,,,,,,,,,,,,,,,,
998,989,0,0,0,0,0,0,0,0,4,0,3,2,0,0,4
,,,,,,,,,,,,,,,,
,,,,,,,,,,,,,,,,
,,,,,,,,,,,,,,,,
999,1000,989,978,985,976,977,962,0,0,0,0,0,0,0,0,4
,,,,,,,,,,,,,,,,
1002,993,988,982,976,965,973,960,953,962,960,954,952,963,954,954,4
,,,,,,,,,,,,,,,,
,,,,,,,,,,,,,,,,
,,,,,,,,,,,,,,,,
1009,998,989,980,982,970,970,972,962,955,0,0,0,0,0,0,4
,,,,,,,,,,,,,,,,
1003,997,989,977,0,0,0,0,0,0,5,0,0,0,0,0,4
,,,,,,,,,,,,,,,,
996,990,989,982,980,975,970,966,974,967,958,959,957,958,953,947,4
,,,,,,,,,,,,,,,,
1006,1002,996,985,984,973,974,971,0,0,3,0,0,0,0,0,4
,,,,,,,,,,,,,,,,
,,,,,,,,,,,,,,,,
,,,,,,,,,,,,,,,,
,,,,,,,,,,,,,,,,
,,,,,,,,,,,,,,,,
,,,,,,,,,,,,,,,,
,,,,,,,,,,,,,,,,
1004,991,983,983,976,971,968,960,970,964,962,962,963,960,960,961,4
,,,,,,,,,,,,,,,,
997,992,987,985,981,978,980,968,971,967,966,959,965,958,954,953,4
,,,,,,,,,,,,,,,,
1004,995,995,986,983,982,971,965,961,960,957,956,956,957,957,945,4
,,,,,,,,,,,,,,,,
996,995,998,979,981,974,968,966,967,960,957,957,953,950,957,953,4
,,,,,,,,,,,,,,,,
1006,994,983,992,984,974,979,972,968,961,965,962,959,959,957,959,4
,,,,,,,,,,,,,,,,
1005,999,996,983,989,978,974,975,966,965,965,952,953,951,951,949,4
,,,,,,,,,,,,,,,,
1001,998,992,984,983,974,976,968,959,965,960,961,958,955,960,960,4
,,,,,,,,,,,,,,,,
1000,992,992,978,0,3,0,0,0,0,0,0,0,1,0,0,4
,,,,,,,,,,,,,,,,
1005,997,988,990,988,977,979,970,968,963,955,957,953,954,951,953,4
,,,,,,,,,,,,,,,,
1009,1000,988,983,982,976,968,964,964,957,957,955,951,958,959,954,4
,,,,,,,,,,,,,,,,
,,,,,,,,,,,,,,,,
,,,,,,,,,,,,,,,,
1001,988,998,983,981,976,972,970,969,965,961,961,952,954,952,943,4
,,,,,,,,,,,,,,,,
1001,1001,997,981,980,979,966,967,962,958,957,956,946,953,956,954,4
,,,,,,,,,,,,,,,,
1002,991,992,984,976,976,965,965,963,967,962,961,956,953,956,952,4
,,,,,,,,,,,,,,,,
1001,999,994,987,983,973,976,971,970,959,963,959,960,950,946,945,4
,,,,,,,,,,,,,,,,
1016,996,992,981,983,967,974,971,965,970,951,957,955,962,945,953,4
,,,,,,,,,,,,,,,,
1000,996,989,980,971,977,967,967,968,966,963,958,961,958,960,951,4
,,,,,,,,,,,,,,,,
1001,997,993,988,979,981,976,983,969,964,962,962,960,953,947,949,4
,,,,,,,,,,,,,,,,
1005,993,991,984,977,978,971,968,970,958,959,961,959,955,951,954,4
,,,,,,,,,,,,,,,,
1002,1002,992,979,983,973,974,971,969,966,961,963,957,964,960,955,4
,,,,,,,,,,,,,,,,
,,,,,,,,,,,,,,,,
,,,,,,,,,,,,,,,,
1010,997,986,989,985,977,974,972,970,960,963,958,962,963,957,960,4
,,,,,,,,,,,,,,,,
999,991,996,985,976,978,969,967,965,968,969,960,961,963,955,958,4
,,,,,,,,,,,,,,,,
996,990,993,992,980,977,980,972,964,970,962,965,965,963,955,948,4
,,,,,,,,,,,,,,,,
1003,993,991,986,985,973,978,971,965,966,966,956,959,952,953,960,4
,,,,,,,,,,,,,,,,
1003,1000,982,980,976,975,969,967,961,965,960,958,959,957,957,958,4
,,,,,,,,,,,,,,,,
1002,995,989,984,976,972,975,975,968,973,970,961,962,959,956,950,4
,,,,,,,,,,,,,,,,
1002,1005,993,988,988,982,976,976,969,963,965,960,0,5,0,0,4
,,,,,,,,,,,,,,,,
1006,997,991,980,978,969,963,966,962,961,960,952,959,955,961,958,4
,,,,,,,,,,,,,,,,
997,989,993,980,980,981,971,972,970,962,967,966,958,964,958,953,4
,,,,,,,,,,,,,,,,
1004,1012,1000,988,985,978,974,966,973,963,957,956,952,947,953,945,4
,,,,,,,,,,,,,,,,
1008,997,987,987,971,975,969,966,962,959,960,961,958,956,964,947,4
,,,,,,,,,,,,,,,,
998,997,985,986,978,978,972,967,969,961,964,966,960,964,957,949,4
,,,,,,,,,,,,,,,,
1002,996,991,987,989,982,970,968,965,969,965,948,958,951,950,950,4
,,,,,,,,,,,,,,,,
1007,994,990,986,974,978,973,970,961,960,966,959,956,957,958,963,4
,,,,,,,,,,,,,,,,
1002,989,987,987,977,977,972,968,969,971,972,962,961,966,957,955,4
,,,,,,,,,,,,,,,,
998,1004,994,986,986,983,976,972,971,965,959,949,955,953,949,955,4
,,,,,,,,,,,,,,,,
1006,1002,998,985,986,980,975,969,967,965,966,965,959,959,955,957,4
,,,,,,,,,,,,,,,,
1001,993,981,981,977,976,969,972,971,967,963,968,959,957,967,954,4
,,,,,,,,,,,,,,,,
1005,1005,995,985,985,983,975,972,969,969,961,964,958,957,950,953,4
,,,,,,,,,,,,,,,,
1004,993,996,989,979,975,968,965,961,964,962,963,955,958,958,962,4
,,,,,,,,,,,,,,,,
1005,991,988,983,979,978,971,970,963,965,966,968,961,961,959,960,4
,,,,,,,,,,,,,,,,
1007,993,986,986,980,980,977,973,968,967,963,961,957,960,958,948,4
,,,,,,,,,,,,,,,,
1003,993,1005,990,974,976,969,965,968,962,963,962,961,955,954,957,4
,,,,,,,,,,,,,,,,
1005,993,981,984,978,977,970,967,969,962,969,964,967,963,962,955,4
,,,,,,,,,,,,,,,,
1002,998,991,989,981,978,983,970,971,964,964,955,954,957,945,948,4
,,,,,,,,,,,,,,,,
1011,995,992,994,990,981,974,975,973,965,958,961,956,956,953,961,4
,,,,,,,,,,,,,,,,
998,994,988,983,980,976,976,972,970,962,968,962,960,956,959,957,4
,,,,,,,,,,,,,,,,
,,,,,,,,,,,,,,,,
,,,,,,,,,,,,,,,,
,,,,,,,,,,,,,,,,
,,,,,,,,,,,,,,,,
1003,993,988,979,980,969,970,962,966,969,965,968,958,965,959,955,4
,,,,,,,,,,,,,,,,
,,,,,,,,,,,,,,,,
,,,,,,,,,,,,,,,,
,,,,,,,,,,,,,,,,
,,,,,,,,,,,,,,,,
,,,,,,,,,,,,,,,,
,,,,,,,,,,,,,,,,
,,,,,,,,,,,,,,,,
,,,,,,,,,,,,,,,,
,,,,,,,,,,,,,,,,
,,,,,,,,,,,,,,,,
,,,,,,,,,,,,,,,,
,,,,,,,,,,,,,,,,
,,,,,,,,,,,,,,,,
,,,,,,,,,,,,,,,,
1004,996,999,995,989,982,986,973,968,963,969,957,964,959,956,953,4
,,,,,,,,,,,,,,,,
1004,1007,996,986,985,978,972,967,965,963,961,958,958,954,958,956,4
,,,,,,,,,,,,,,,,
1002,993,988,989,973,982,977,978,975,963,964,967,971,962,952,957,4
,,,,,,,,,,,,,,,,
1003,1000,997,993,985,983,987,982,967,963,969,965,960,951,958,957,4
,,,,,,,,,,,,,,,,
1005,1004,1001,986,983,982,977,972,971,971,963,958,959,966,965,962,4
,,,,,,,,,,,,,,,,
999,993,985,979,982,978,975,977,970,969,965,969,959,958,956,954,4
,,,,,,,,,,,,,,,,
1001,999,991,996,980,981,981,972,970,972,968,964,959,964,954,957,4
,,,,,,,,,,,,,,,,
1007,998,986,990,987,981,976,969,971,966,959,955,964,963,960,964,4
,,,,,,,,,,,,,,,,
1000,992,986,978,979,979,978,969,974,968,968,965,961,961,960,959,4
,,,,,,,,,,,,,,,,
1009,999,994,988,985,983,978,976,967,970,970,958,960,960,951,948,4
,,,,,,,,,,,,,,,,
1013,1000,997,994,984,982,969,970,966,966,966,956,954,955,960,957,4
,,,,,,,,,,,,,,,,
1004,1001,991,990,979,975,978,966,968,971,962,970,964,966,961,957,4
,,,,,,,,,,,,,,,,
1002,994,996,990,988,975,982,979,975,975,969,960,961,952,953,954,4
,,,,,,,,,,,,,,,,
1010,1001,996,991,979,978,976,976,972,971,971,960,964,960,955,959,4
,,,,,,,,,,,,,,,,
1009,994,989,985,987,972,979,972,967,961,968,964,966,964,963,965,4
,,,,,,,,,,,,,,,,
1005,996,991,988,988,976,980,974,970,963,974,968,962,964,964,967,4
,,,,,,,,,,,,,,,,
1012,997,998,989,988,990,985,979,967,968,968,962,960,962,963,967,4
,,,,,,,,,,,,,,,,
1011,1003,988,990,980,976,974,972,963,966,963,968,970,964,966,960,4
,,,,,,,,,,,,,,,,
1003,999,993,987,981,980,978,975,972,976,965,970,967,966,955,950,4
,,,,,,,,,,,,,,,,
1001,1003,994,990,988,977,970,976,968,964,962,960,957,963,950,949,4
,,,,,,,,,,,,,,,,
1013,998,990,996,978,975,977,975,959,970,965,970,959,962,964,960,4
,,,,,,,,,,,,,,,,
997,991,989,983,977,975,974,974,967,965,966,971,957,965,961,961,4
,,,,,,,,,,,,,,,,
1008,1002,990,996,993,982,978,975,980,965,961,957,960,966,960,955,4
,,,,,,,,,,,,,,,,
1007,1001,1001,986,983,981,973,971,971,969,958,965,967,967,959,960,4
,,,,,,,,,,,,,,,,
1001,998,993,992,984,982,974,980,973,974,967,966,968,959,963,955,4
,,,,,,,,,,,,,,,,
1001,999,991,989,990,980,977,973,971,973,958,962,960,963,955,963,4
,,,,,,,,,,,,,,,,
1009,1003,988,991,980,983,975,967,965,963,966,960,960,955,958,959,4
,,,,,,,,,,,,,,,,
1009,997,988,990,984,978,977,973,979,973,970,966,965,961,960,966,4
,,,,,,,,,,,,,,,,
1008,1001,997,989,986,987,976,978,972,969,969,966,960,956,956,961,4
,,,,,,,,,,,,,,,,
1003,1003,1002,988,980,977,979,975,964,964,968,961,958,958,958,958,4
,,,,,,,,,,,,,,,,
1001,994,989,986,985,975,977,978,972,968,966,968,962,968,962,960,4
,,,,,,,,,,,,,,,,
998,998,988,992,988,981,978,979,976,974,969,959,959,963,956,956,4
,,,,,,,,,,,,,,,,
1006,999,997,995,985,980,980,966,964,959,966,956,964,960,960,956,4
,,,,,,,,,,,,,,,,
998,994,994,986,984,976,979,973,975,972,963,969,970,962,960,960,4
,,,,,,,,,,,,,,,,
993,998,992,985,981,976,982,981,968,966,974,963,960,958,953,951,4
,,,,,,,,,,,,,,,,
1010,1007,997,995,984,977,975,974,967,968,965,959,959,958,953,958,4
,,,,,,,,,,,,,,,,
1003,992,986,979,975,974,976,970,972,967,961,968,968,964,959,960,4
,,,,,,,,,,,,,,,,
1003,999,989,986,984,984,977,974,973,979,972,967,959,962,955,953,4
,,,,,,,,,,,,,,,,
1005,1003,995,999,983,979,968,968,968,961,964,953,960,968,959,958,4
,,,,,,,,,,,,,,,,
1010,996,994,986,977,977,977,972,976,971,972,971,963,963,959,960,4
,,,,,,,,,,,,,,,,
1001,998,992,985,982,981,976,973,971,970,962,966,956,966,956,955,4
,,,,,,,,,,,,,,,,
1005,996,992,992,986,982,976,977,967,965,964,961,960,956,959,949,4
,,,,,,,,,,,,,,,,
1005,999,995,992,981,982,977,973,968,968,963,962,963,962,962,965,4
,,,,,,,,,,,,,,,,
1006,992,987,989,987,981,984,983,978,974,972,962,958,961,963,958,4
,,,,,,,,,,,,,,,,
1007,995,991,987,987,989,985,979,973,965,970,966,963,956,955,960,4
,,,,,,,,,,,,,,,,
1002,998,990,984,985,974,975,975,970,972,960,959,965,963,967,959,4
,,,,,,,,,,,,,,,,
998,999,993,988,985,984,981,980,974,971,972,968,970,964,953,959,4
,,,,,,,,,,,,,,,,
1000,995,991,987,984,982,988,976,977,974,967,966,964,959,961,958,4
,,,,,,,,,,,,,,,,
1005,1002,991,995,981,981,976,978,973,972,962,959,962,962,960,961,4
,,,,,,,,,,,,,,,,
1004,995,984,989,982,980,980,979,973,975,973,961,963,964,963,954,4
,,,,,,,,,,,,,,,,
1006,992,988,988,985,986,984,978,980,978,966,969,964,958,959,964,4
,,,,,,,,,,,,,,,,
1004,1001,996,997,985,982,975,973,970,963,973,967,962,964,965,963,4
,,,,,,,,,,,,,,,,
1006,996,989,984,976,980,981,978,972,975,974,975,971,967,969,966,4
,,,,,,,,,,,,,,,,
1008,1001,994,994,985,984,986,979,970,975,975,971,959,964,963,957,4
,,,,,,,,,,,,,,,,
1010,1004,993,992,987,977,971,976,976,966,968,965,964,959,961,961,4
,,,,,,,,,,,,,,,,
1004,996,994,982,977,979,979,972,970,968,982,971,962,964,968,966,4
,,,,,,,,,,,,,,,,
1007,1001,996,987,987,989,979,982,977,976,971,970,970,962,957,963,4
,,,,,,,,,,,,,,,,
1006,1008,992,998,986,978,974,969,970,969,964,963,963,967,958,963,4
,,,,,,,,,,,,,,,,
1009,1003,1001,985,980,983,970,970,969,973,974,968,969,967,957,971,4
,,,,,,,,,,,,,,,,
1002,992,997,992,989,983,985,978,972,966,964,965,968,961,952,958,4
,,,,,,,,,,,,,,,,
1009,1005,996,995,985,983,979,985,963,963,965,970,962,959,960,966,4
,,,,,,,,,,,,,,,,
1007,994,987,984,982,981,976,969,965,970,974,970,968,965,965,965,4
,,,,,,,,,,,,,,,,
1003,996,987,989,983,979,975,978,973,972,967,970,967,956,964,961,4
,,,,,,,,,,,,,,,,
1001,998,996,995,988,979,971,971,966,970,965,958,964,957,959,955,4
,,,,,,,,,,,,,,,,
1010,998,989,986,980,984,977,966,962,970,964,960,963,959,958,958,4
,,,,,,,,,,,,,,,,
988,987,978,978,969,968,966,957,953,952,950,947,939,934,933,932,4
,,,,,,,,,,,,,,,,
1001,996,990,984,985,977,970,968,962,959,947,955,952,940,948,940,4
,,,,,,,,,,,,,,,,
1023,1023,1019,1015,1011,1002,1004,996,994,989,996,994,989,982,984,991,4
,,,,,,,,,,,,,,,,
1000,992,984,989,988,981,971,978,977,974,970,968,959,966,955,951,4
,,,,,,,,,,,,,,,,
1012,996,992,986,984,976,974,981,966,964,964,960,956,958,952,952,4
,,,,,,,,,,,,,,,,
1008,1002,994,990,981,974,970,968,967,965,953,951,955,951,958,953,4
,,,,,,,,,,,,,,,,
1004,1002,982,986,981,981,972,976,974,967,968,968,963,963,952,964,4
,,,,,,,,,,,,,,,,
1004,993,994,984,983,977,983,980,977,971,961,965,960,954,958,955,4
,,,,,,,,,,,,,,,,
1003,997,991,987,988,979,977,973,967,961,958,960,959,950,964,956,4
,,,,,,,,,,,,,,,,
1002,997,991,988,987,985,973,977,976,973,967,963,962,964,963,958,4
,,,,,,,,,,,,,,,,
1000,1003,997,988,985,984,976,978,976,967,964,958,964,953,960,952,4
,,,,,,,,,,,,,,,,
1012,999,1000,990,985,982,973,972,972,972,959,963,959,957,956,953,4
,,,,,,,,,,,,,,,,
1001,995,987,987,980,975,976,968,965,970,965,970,969,966,958,957,4
,,,,,,,,,,,,,,,,
1001,995,998,985,992,980,975,973,977,972,972,965,961,962,960,949,4
,,,,,,,,,,,,,,,,
1003,1010,998,987,985,980,982,967,974,967,966,959,961,953,960,957,4
,,,,,,,,,,,,,,,,
1003,991,990,986,979,978,977,966,975,964,964,963,959,964,968,967,4
,,,,,,,,,,,,,,,,
997,999,994,986,984,984,980,970,968,966,969,960,964,955,960,956,4
,,,,,,,,,,,,,,,,
1008,1001,1000,990,987,983,977,971,963,966,969,956,960,958,958,961,4
,,,,,,,,,,,,,,,,
1004,1000,995,987,980,973,978,969,973,969,962,971,964,965,968,959,4
,,,,,,,,,,,,,,,,
998,997,989,987,986,984,976,981,971,972,969,965,959,965,961,959,4
,,,,,,,,,,,,,,,,
1002,995,994,992,983,980,981,973,972,963,965,956,959,954,956,957,4
,,,,,,,,,,,,,,,,
1006,998,995,984,990,983,979,971,966,969,965,961,963,955,961,959,4
,,,,,,,,,,,,,,,,
1009,990,990,986,986,980,974,977,970,977,968,967,969,968,955,958,4
,,,,,,,,,,,,,,,,
1002,1002,996,994,986,981,982,978,968,967,970,960,964,960,953,954,4
,,,,,,,,,,,,,,,,
999,993,999,983,980,981,972,971,970,965,965,966,963,959,967,965,4
,,,,,,,,,,,,,,,,
1000,993,992,985,984,976,982,977,974,974,963,968,968,962,961,962,4
,,,,,,,,,,,,,,,,
1005,999,990,994,985,983,981,972,968,964,970,963,968,961,952,957,4
,,,,,,,,,,,,,,,,
1008,1006,993,992,983,981,975,977,961,965,973,960,961,958,963,963,4
,,,,,,,,,,,,,,,,
999,990,990,983,980,980,974,974,976,971,967,967,962,966,964,957,4
,,,,,,,,,,,,,,,,
1005,996,999,987,981,980,976,971,970,971,968,968,956,962,954,958,4
,,,,,,,,,,,,,,,,
1007,1005,992,995,983,983,980,970,967,969,964,957,958,956,965,958,4
,,,,,,,,,,,,,,,,
1007,990,992,989,981,977,975,971,977,969,974,970,961,964,970,966,4
,,,,,,,,,,,,,,,,
1000,995,989,991,982,980,981,974,976,975,970,963,959,959,955,957,4
,,,,,,,,,,,,,,,,
1006,997,994,993,986,981,973,973,977,968,967,962,964,957,958,959,4
,,,,,,,,,,,,,,,,
1002,999,987,984,989,985,976,972,977,975,969,968,968,969,965,963,4
,,,,,,,,,,,,,,,,
996,993,990,989,985,987,984,986,978,971,967,961,963,968,964,961,4
,,,,,,,,,,,,,,,,
1017,1000,997,988,989,988,972,971,969,967,973,965,957,961,961,957,4
,,,,,,,,,,,,,,,,
994,993,993,988,984,983,969,975,973,978,971,970,968,963,969,956,4
,,,,,,,,,,,,,,,,
1004,1000,994,984,988,983,975,979,971,968,975,968,960,952,956,963,4
,,,,,,,,,,,,,,,,
999,998,991,994,988,984,978,971,964,970,964,954,967,960,959,962,4
,,,,,,,,,,,,,,,,
0,0,0,0,0,0,0,2,0,0,0,0,0,0,0,0,4
,,,,,,,,,,,,,,,,
1001,994,985,992,991,981,980,974,968,974,973,960,967,955,964,961,4
,,,,,,,,,,,,,,,,
1010,996,992,992,988,985,988,968,967,965,968,960,956,960,961,956,4
,,,,,,,,,,,,,,,,
1002,996,989,992,982,973,975,979,966,973,976,967,968,958,961,961,4
,,,,,,,,,,,,,,,,
1000,994,988,994,988,979,974,984,976,973,966,968,960,960,959,959,4
,,,,,,,,,,,,,,,,
1006,1003,996,985,983,981,970,975,969,966,965,963,954,957,960,962,4
,,,,,,,,,,,,,,,,
1000,992,994,989,984,974,982,975,964,974,974,962,964,968,967,969,4
,,,,,,,,,,,,,,,,
999,988,988,981,981,981,970,971,973,965,970,966,965,960,958,958,4
,,,,,,,,,,,,,,,,
1005,1004,999,997,987,981,985,979,971,969,963,964,957,956,959,957,4
,,,,,,,,,,,,,,,,
,,,,,,,,,,,,,,,,
,,,,,,,,,,,,,,,,
,,,,,,,,,,,,,,,,
,,,,,,,,,,,,,,,,
999,997,990,990,978,970,970,970,963,958,957,947,947,950,950,952,4
,,,,,,,,,,,,,,,,
1008,1002,987,991,985,975,973,966,970,965,960,957,960,958,963,957,4
,,,,,,,,,,,,,,,,
998,1001,992,987,983,972,973,967,965,970,971,960,957,956,960,948,4
,,,,,,,,,,,,,,,,
,,,,,,,,,,,,,,,,
,,,,,,,,,,,,,,,,
,,,,,,,,,,,,,,,,
,,,,,,,,,,,,,,,,
,,,,,,,,,,,,,,,,
,,,,,,,,,,,,,,,,
999,1002,994,988,988,978,978,972,965,967,966,961,953,954,954,957,4
,,,,,,,,,,,,,,,,
,,,,,,,,,,,,,,,,
,,,,,,,,,,,,,,,,
,,,,,,,,,,,,,,,,
,,,,,,,,,,,,,,,,
,,,,,,,,,,,,,,,,
,,,,,,,,,,,,,,,,
,,,,,,,,,,,,,,,,
,,,,,,,,,,,,,,,,
,,,,,,,,,,,,,,,,
,,,,,,,,,,,,,,,,
,,,,,,,,,,,,,,,,
,,,,,,,,,,,,,,,,
1010,1000,995,988,979,974,974,967,970,968,969,962,960,966,959,960,4
,,,,,,,,,,,,,,,,
1006,998,994,991,987,979,980,976,974,971,963,972,969,964,964,957,4
,,,,,,,,,,,,,,,,
,,,,,,,,,,,,,,,,
,,,,,,,,,,,,,,,,
,,,,,,,,,,,,,,,,
,,,,,,,,,,,,,,,,
,,,,,,,,,,,,,,,,
,,,,,,,,,,,,,,,,
1003,1004,989,986,995,987,978,983,981,977,965,964,962,967,959,953,4
,,,,,,,,,,,,,,,,
1008,1006,991,993,991,980,971,975,972,959,961,967,969,962,956,959,4
,,,,,,,,,,,,,,,,
1002,1000,991,987,983,982,977,979,975,966,971,975,968,968,964,966,4
,,,,,,,,,,,,,,,,
1002,990,994,993,985,985,978,974,970,977,967,962,970,962,962,954,4
,,,,,,,,,,,,,,,,
1006,999,995,1003,984,987,980,980,970,964,0,0,0,0,0,0,4
,,,,,,,,,,,,,,,,
1003,991,988,983,982,973,974,973,976,968,970,972,972,973,961,962,4
,,,,,,,,,,,,,,,,
1003,1000,997,994,995,981,983,973,979,972,974,967,962,964,962,961,4
,,,,,,,,,,,,,,,,
1009,1002,998,995,986,981,975,978,975,969,961,967,964,959,961,963,4
,,,,,,,,,,,,,,,,
1004,995,996,987,981,975,982,973,978,966,971,969,963,961,967,960,4
,,,,,,,,,,,,,,,,
1000,1000,986,995,992,982,980,985,975,973,966,969,965,966,961,961,4
,,,,,,,,,,,,,,,,
1007,996,994,993,987,985,976,972,971,970,965,969,968,958,959,962,4
,,,,,,,,,,,,,,,,
1011,996,1001,993,990,983,972,976,974,965,971,970,973,965,965,966,4
,,,,,,,,,,,,,,,,
1001,996,992,983,986,985,976,973,978,972,973,971,966,964,964,957,4
,,,,,,,,,,,,,,,,
1006,1004,1003,993,1003,986,986,974,981,975,976,967,961,963,964,962,4
,,,,,,,,,,,,,,,,
1013,1001,992,991,4,0,0,0,4,0,1,0,0,0,0,0,4
,,,,,,,,,,,,,,,,
1011,999,990,990,982,988,983,982,979,977,979,971,971,969,958,963,4
,,,,,,,,,,,,,,,,
1008,1002,1000,985,990,987,978,984,975,967,969,973,967,960,960,962,4
,,,,,,,,,,,,,,,,
1012,1004,990,994,992,981,968,978,973,977,970,963,968,970,970,970,4
,,,,,,,,,,,,,,,,
1004,1001,992,996,984,985,980,988,975,971,976,973,972,973,966,971,4
,,,,,,,,,,,,,,,,
1005,1008,1000,993,987,988,976,981,977,968,975,968,967,960,964,959,4
,,,,,,,,,,,,,,,,
1005,995,998,984,985,978,981,978,974,972,972,968,969,967,964,975,4
,,,,,,,,,,,,,,,,
1002,999,990,991,985,987,980,983,973,978,974,977,970,969,965,967,4
,,,,,,,,,,,,,,,,
1003,997,997,987,991,985,986,975,979,975,975,963,971,962,967,965,4
,,,,,,,,,,,,,,,,
1003,1003,1003,992,989,984,979,975,969,981,969,972,973,970,970,963,4
,,,,,,,,,,,,,,,,
1001,997,989,987,986,985,975,977,970,974,977,970,968,976,973,969,4
,,,,,,,,,,,,,,,,
0,0,5,0,0,0,0,0,0,0,0,0,0,0,0,2,4
,,,,,,,,,,,,,,,,
2,0,0,2,0,0,1,0,0,1,0,0,2,0,0,0,4
,,,,,,,,,,,,,,,,
1007,1001,997,982,980,982,980,979,974,978,976,972,973,971,972,963,4
,,,,,,,,,,,,,,,,
0,0,0,0,2,0,0,2,0,0,0,0,0,0,0,1,4
,,,,,,,,,,,,,,,,
996,995,990,987,983,973,970,968,966,961,969,973,969,964,961,961,4
,,,,,,,,,,,,,,,,
1004,997,993,981,991,984,976,976,973,972,976,966,971,974,968,971,4
,,,,,,,,,,,,,,,,
1002,1001,990,992,989,987,983,980,973,979,972,968,970,961,966,965,4
,,,,,,,,,,,,,,,,
1008,994,996,987,991,988,986,975,975,967,971,966,965,969,977,962,4
,,,,,,,,,,,,,,,,
1002,994,987,994,984,981,983,977,977,975,973,975,971,969,964,964,4
,,,,,,,,,,,,,,,,
1000,1002,996,988,988,979,982,979,988,974,973,964,971,965,967,956,4
,,,,,,,,,,,,,,,,
1011,1005,994,998,988,987,976,980,969,973,978,972,965,958,967,960,4
,,,,,,,,,,,,,,,,
1004,996,995,987,984,982,980,978,974,973,974,973,969,973,967,965,4
,,,,,,,,,,,,,,,,
1008,993,991,989,997,979,988,978,985,971,972,969,972,964,962,954,4
,,,,,,,,,,,,,,,,
1005,1007,999,990,985,980,988,976,975,972,965,969,971,969,957,965,4
,,,,,,,,,,,,,,,,
1004,994,990,987,986,980,978,979,977,971,969,978,975,971,969,969,4
,,,,,,,,,,,,,,,,
1002,1000,997,994,994,992,980,976,981,972,971,972,965,967,960,957,4
,,,,,,,,,,,,,,,,
1007,1005,995,994,990,980,985,979,974,962,965,967,960,966,968,966,4
,,,,,,,,,,,,,,,,
1008,996,991,988,982,983,980,976,972,977,972,974,971,967,972,970,4
,,,,,,,,,,,,,,,,
997,1002,992,989,987,981,987,986,980,979,977,971,977,967,972,958,4
,,,,,,,,,,,,,,,,
1009,999,1004,997,990,989,982,975,973,969,971,968,970,960,964,967,4
,,,,,,,,,,,,,,,,
1005,999,993,996,996,978,978,980,981,970,975,974,966,968,967,964,4
,,,,,,,,,,,,,,,,
1001,996,990,987,991,986,976,981,979,980,968,972,973,966,969,960,4
,,,,,,,,,,,,,,,,
1001,999,998,993,990,987,983,975,977,970,966,973,962,962,966,966,4
,,,,,,,,,,,,,,,,
1011,1004,993,994,987,981,975,970,973,973,965,971,966,966,967,972,4
,,,,,,,,,,,,,,,,
1005,992,996,987,980,984,981,976,983,978,977,977,969,974,967,966,4
,,,,,,,,,,,,,,,,
1004,998,1004,987,990,982,979,977,975,977,969,969,970,965,959,965,4
,,,,,,,,,,,,,,,,
1010,997,997,993,992,985,978,977,969,972,972,969,972,974,970,968,4
,,,,,,,,,,,,,,,,
997,1002,991,994,986,991,985,978,977,972,976,969,972,976,970,970,4
,,,,,,,,,,,,,,,,
1002,1005,1000,993,990,984,979,982,972,975,977,973,965,970,963,961,4
,,,,,,,,,,,,,,,,
1001,998,1000,991,982,987,982,971,974,973,970,969,967,974,967,972,4
,,,,,,,,,,,,,,,,
1003,994,995,992,988,990,983,982,979,981,979,978,980,967,970,964,4
,,,,,,,,,,,,,,,,
1003,1002,995,988,992,984,978,985,975,976,974,967,968,961,961,964,4
,,,,,,,,,,,,,,,,
1009,998,995,993,983,981,973,970,977,976,969,963,966,964,964,964,4
,,,,,,,,,,,,,,,,
1005,996,994,985,991,977,985,975,970,973,969,971,969,970,970,965,4
,,,,,,,,,,,,,,,,
1007,1002,989,992,989,981,978,973,972,975,972,968,972,968,957,964,4
,,,,,,,,,,,,,,,,
1002,1002,1000,984,984,981,977,979,971,972,969,967,969,969,970,964,4
,,,,,,,,,,,,,,,,
1000,996,990,982,982,976,985,977,975,979,974,976,965,968,960,961,4
,,,,,,,,,,,,,,,,
1009,997,997,996,993,988,978,976,971,969,972,964,960,964,966,962,4
,,,,,,,,,,,,,,,,
1008,1003,994,1003,983,986,986,970,969,974,968,967,977,974,965,965,4
,,,,,,,,,,,,,,,,
1007,988,998,991,983,988,985,978,981,978,968,971,967,975,963,963,4
,,,,,,,,,,,,,,,,
1007,1002,991,997,994,984,978,980,977,974,977,975,968,963,961,963,4
,,,,,,,,,,,,,,,,
1012,999,999,991,984,983,982,983,974,969,966,972,969,963,970,961,4
,,,,,,,,,,,,,,,,
1006,999,994,991,982,982,975,974,981,973,975,975,973,974,975,973,4
,,,,,,,,,,,,,,,,
1008,1001,1000,992,990,986,985,983,980,980,976,974,962,974,964,959,4
,,,,,,,,,,,,,,,,
1006,996,999,994,992,988,980,972,972,966,969,962,969,966,962,958,4
,,,,,,,,,,,,,,,,
1007,995,995,983,984,976,978,983,975,972,968,972,970,972,970,970,4
,,,,,,,,,,,,,,,,
998,993,990,995,981,983,978,982,976,981,965,969,968,967,966,960,4
,,,,,,,,,,,,,,,,
1009,1005,999,989,990,985,974,977,974,972,967,969,966,959,964,966,4
,,,,,,,,,,,,,,,,
1007,1004,995,993,990,982,971,979,974,979,974,968,971,964,968,968,4
,,,,,,,,,,,,,,,,
997,989,993,987,982,979,982,980,973,973,969,972,972,962,970,967,4
,,,,,,,,,,,,,,,,
1014,1002,998,992,992,985,975,979,976,976,971,972,963,970,969,971,4
,,,,,,,,,,,,,,,,
1013,1002,990,994,989,982,974,983,977,977,969,976,975,970,968,967,4
,,,,,,,,,,,,,,,,
1006,1004,1000,990,984,980,984,983,988,977,977,968,969,967,961,960,4
,,,,,,,,,,,,,,,,
1008,1010,1000,994,986,983,983,976,980,969,971,972,961,962,959,967,4
,,,,,,,,,,,,,,,,
0,0,0,0,0,3,0,0,0,2,7,0,0,0,0,0,4
,,,,,,,,,,,,,,,,
2,3,0,0,6,0,1,3,7,0,2,0,0,0,0,0,4
,,,,,,,,,,,,,,,,
0,0,1,0,3,0,3,0,0,0,0,1,0,0,0,2,4
,,,,,,,,,,,,,,,,
956,959,953,953,956,952,950,956,959,960,956,960,959,958,957,959,4
,,,,,,,,,,,,,,,,
1011,999,996,991,983,985,980,983,978,976,972,976,970,977,971,967,4
,,,,,,,,,,,,,,,,
1008,1005,1000,995,985,989,981,977,984,969,968,968,971,962,965,964,4
,,,,,,,,,,,,,,,,
1008,999,998,990,986,977,983,973,976,971,967,968,977,965,965,966,4
,,,,,,,,,,,,,,,,
1000,998,992,993,980,985,980,979,981,975,969,979,974,975,970,973,4
,,,,,,,,,,,,,,,,
1008,998,991,996,988,987,978,977,972,968,977,965,962,968,970,965,4
,,,,,,,,,,,,,,,,
1004,1000,1001,989,983,985,980,978,975,975,979,967,974,967,973,971,4
,,,,,,,,,,,,,,,,
1005,1002,993,984,984,981,983,981,975,980,977,973,968,967,975,962,4
,,,,,,,,,,,,,,,,
1001,999,990,997,987,990,982,977,982,975,977,969,965,969,969,961,4
,,,,,,,,,,,,,,,,
1013,1004,998,993,991,988,980,976,981,972,971,971,969,965,967,963,4
,,,,,,,,,,,,,,,,
1005,1001,992,984,987,988,977,980,979,980,979,975,974,975,972,964,4
,,,,,,,,,,,,,,,,
996,997,995,990,992,991,989,978,978,979,972,976,966,975,963,970,4
,,,,,,,,,,,,,,,,
1014,1002,1000,992,986,985,975,972,975,975,974,972,966,963,968,973,4
,,,,,,,,,,,,,,,,
1003,998,986,987,988,987,977,981,976,980,976,979,972,977,971,975,4
,,,,,,,,,,,,,,,,
1007,993,990,999,989,989,983,983,981,978,981,970,970,964,971,968,4
,,,,,,,,,,,,,,,,
1010,999,997,989,989,988,980,977,969,968,970,972,973,971,964,965,4
,,,,,,,,,,,,,,,,
1009,993,998,983,988,976,987,975,972,973,972,974,968,971,975,964,4
,,,,,,,,,,,,,,,,
1003,993,998,986,986,990,988,982,982,979,979,973,976,972,967,960,4
,,,,,,,,,,,,,,,,
1010,1007,998,998,990,982,985,977,969,974,974,972,971,972,965,968,4
,,,,,,,,,,,,,,,,
1005,998,986,992,980,985,976,981,980,976,978,969,977,973,967,973,4
,,,,,,,,,,,,,,,,
1005,1001,998,987,980,989,982,977,989,972,975,969,965,973,971,967,4
,,,,,,,,,,,,,,,,
1000,1002,1004,994,985,983,986,973,980,968,969,969,968,966,966,966,4
,,,,,,,,,,,,,,,,
1006,997,999,994,984,980,978,980,973,979,975,973,974,965,966,970,4
,,,,,,,,,,,,,,,,
1004,994,998,988,983,988,982,978,981,978,974,970,977,965,963,970,4
,,,,,,,,,,,,,,,,
1012,1001,997,996,992,983,988,981,976,969,969,970,975,969,964,969,4
,,,,,,,,,,,,,,,,
1015,1000,1000,991,982,984,974,975,977,975,973,980,967,968,973,964,4
,,,,,,,,,,,,,,,,
1010,999,995,985,980,987,981,982,979,978,977,973,971,972,965,966,4
,,,,,,,,,,,,,,,,
1010,1006,995,990,989,984,986,983,981,970,966,971,967,969,966,964,4
,,,,,,,,,,,,,,,,
1004,997,1002,987,991,985,980,978,978,971,972,965,973,967,972,971,4
,,,,,,,,,,,,,,,,
1001,999,995,989,984,990,984,981,980,975,981,974,969,969,973,969,4
,,,,,,,,,,,,,,,,
1012,1005,1002,987,984,983,987,977,982,976,975,971,971,961,962,967,4
,,,,,,,,,,,,,,,,
1006,1007,997,996,982,989,981,977,978,970,971,973,972,973,977,975,4
,,,,,,,,,,,,,,,,
1006,1003,995,992,992,980,981,985,984,986,984,979,979,976,975,973,4
,,,,,,,,,,,,,,,,
1005,998,997,1000,990,978,985,988,976,978,979,967,966,963,968,970,4
,,,,,,,,,,,,,,,,
1010,1003,1001,993,991,980,983,975,978,970,974,967,970,971,969,970,4
,,,,,,,,,,,,,,,,
1008,993,985,991,989,983,976,977,971,978,973,974,976,968,971,969,4
,,,,,,,,,,,,,,,,
1000,997,993,994,986,985,978,983,983,979,970,972,974,970,965,968,4
,,,,,,,,,,,,,,,,
1014,999,997,995,989,985,977,983,980,976,969,971,964,971,970,974,4
,,,,,,,,,,,,,,,,
1004,993,998,988,985,986,979,974,975,974,970,973,970,972,971,970,4
,,,,,,,,,,,,,,,,
1005,1000,996,1003,986,984,990,981,981,980,977,973,971,965,964,963,4
,,,,,,,,,,,,,,,,
1010,1006,1003,991,984,982,979,974,976,969,970,967,968,968,973,968,4
,,,,,,,,,,,,,,,,
1006,999,994,992,989,982,983,979,980,970,973,979,975,979,972,969,4
,,,,,,,,,,,,,,,,
1002,1003,990,995,989,985,989,983,976,986,971,964,969,972,964,967,4
,,,,,,,,,,,,,,,,
1010,1001,1005,994,985,985,982,973,984,975,969,972,964,969,969,971,4
,,,,,,,,,,,,,,,,
1004,998,992,991,984,981,976,977,980,981,976,980,977,976,974,969,4
,,,,,,,,,,,,,,,,
1003,996,990,996,989,985,989,979,983,981,969,974,972,967,971,962,4
,,,,,,,,,,,,,,,,
1007,997,1005,992,993,989,984,976,973,974,978,971,966,964,972,971,4
,,,,,,,,,,,,,,,,
991,1002,995,991,990,987,975,976,978,975,977,975,972,970,971,967,4
,,,,,,,,,,,,,,,,
1007,1005,997,991,991,984,979,984,974,973,972,971,979,965,970,964,4
,,,,,,,,,,,,,,,,
1015,999,1000,990,990,992,980,985,975,971,971,964,971,962,970,967,4
,,,,,,,,,,,,,,,,
1011,999,995,988,981,981,983,974,978,974,969,975,976,969,970,971,4
,,,,,,,,,,,,,,,,
1003,993,995,991,982,984,990,984,986,983,979,977,969,971,969,970,4
,,,,,,,,,,,,,,,,
1015,1000,1004,989,984,984,977,978,978,975,968,975,966,966,969,967,4
,,,,,,,,,,,,,,,,
1009,996,999,993,988,983,974,972,968,977,968,970,973,971,967,977,4
,,,,,,,,,,,,,,,,
1002,994,991,991,991,983,987,976,985,979,982,980,971,973,963,968,4
,,,,,,,,,,,,,,,,
1006,1003,995,995,986,986,985,978,980,969,970,964,970,965,963,969,4
,,,,,,,,,,,,,,,,
1011,1003,998,994,986,977,974,973,976,976,973,973,968,974,965,971,4
,,,,,,,,,,,,,,,,
1002,992,994,987,981,988,982,977,980,973,973,975,973,975,976,962,4
,,,,,,,,,,,,,,,,
1012,996,1002,995,995,988,979,982,980,969,976,965,972,977,965,966,4
,,,,,,,,,,,,,,,,
1012,1012,995,996,985,981,983,982,973,967,979,967,962,964,971,969,4
,,,,,,,,,,,,,,,,
1002,998,997,994,986,986,984,986,977,975,978,976,972,974,972,967,4
,,,,,,,,,,,,,,,,
1010,1003,997,994,1000,981,978,980,979,970,974,975,964,966,967,961,4
,,,,,,,,,,,,,,,,
1004,1007,993,988,985,988,981,975,979,979,969,969,969,972,970,966,4
,,,,,,,,,,,,,,,,
1006,994,994,990,986,984,985,983,976,979,973,972,980,973,974,966,4
,,,,,,,,,,,,,,,,
1010,1004,1000,997,999,989,978,984,982,975,971,973,972,968,970,965,4
,,,,,,,,,,,,,,,,
1008,1004,998,986,985,985,981,974,974,975,967,969,962,971,964,968,4
,,,,,,,,,,,,,,,,
1007,1001,987,993,980,981,981,982,979,981,979,980,975,969,967,969,4
,,,,,,,,,,,,,,,,
1004,1000,997,1005,985,986,984,986,984,979,974,968,963,970,970,960,4
,,,,,,,,,,,,,,,,
1005,1000,997,996,986,979,983,980,971,975,971,974,967,967,974,974,4
,,,,,,,,,,,,,,,,
999,1003,995,995,991,986,989,975,981,977,978,970,974,973,972,963,4
,,,,,,,,,,,,,,,,
1000,1000,1000,994,990,988,985,977,978,976,978,969,975,966,971,962,4
,,,,,,,,,,,,,,,,
1004,1001,992,1001,991,982,972,986,979,972,977,974,975,971,968,966,4
,,,,,,,,,,,,,,,,
1000,999,995,993,984,982,982,978,971,971,974,968,970,980,974,963,4
,,,,,,,,,,,,,,,,
1007,1001,996,990,991,984,985,980,975,980,974,967,971,971,962,971,4
,,,,,,,,,,,,,,,,
1004,1009,994,996,996,990,984,980,981,971,973,965,968,972,969,969,4
,,,,,,,,,,,,,,,,
1004,993,996,989,983,980,976,980,979,972,975,978,971,967,975,974,4
,,,,,,,,,,,,,,,,
1006,1002,1000,992,990,982,986,983,987,978,976,974,976,968,970,970,4
,,,,,,,,,,,,,,,,
1007,1005,995,996,994,984,983,974,978,977,974,971,969,967,968,972,4
,,,,,,,,,,,,,,,,
1008,996,990,984,984,987,981,976,977,972,975,976,975,969,971,970,4
,,,,,,,,,,,,,,,,
1003,994,992,995,980,984,984,982,986,982,984,969,976,970,972,971,4
,,,,,,,,,,,,,,,,
1008,998,1002,995,993,982,988,983,981,970,973,975,971,965,964,971,4
,,,,,,,,,,,,,,,,
1010,996,993,995,984,982,985,990,980,986,973,977,973,979,977,966,4
,,,,,,,,,,,,,,,,
1000,1001,996,985,994,985,983,984,975,983,975,974,970,971,972,967,4
,,,,,,,,,,,,,,,,
1007,1004,1003,994,990,990,980,986,978,975,972,967,974,965,972,970,4
,,,,,,,,,,,,,,,,
1006,996,998,993,990,979,976,981,981,973,979,974,977,975,979,968,4
,,,,,,,,,,,,,,,,
1002,996,994,994,988,988,983,979,973,978,979,973,980,968,971,969,4
,,,,,,,,,,,,,,,,
1007,1000,996,991,995,988,984,976,980,973,969,972,973,968,967,971,4
,,,,,,,,,,,,,,,,
1009,995,992,991,984,979,982,973,971,973,974,980,963,968,972,974,4
,,,,,,,,,,,,,,,,
999,996,992,992,986,986,982,984,985,984,969,975,975,968,974,967,4
,,,,,,,,,,,,,,,,
1006,1002,991,992,986,984,984,979,977,976,976,965,967,977,971,971,4
,,,,,,,,,,,,,,,,
1010,1002,1000,990,988,990,977,976,980,976,978,970,980,969,973,977,4
,,,,,,,,,,,,,,,,
1002,1001,996,989,985,982,981,983,986,979,982,972,974,972,966,971,4
,,,,,,,,,,,,,,,,
1005,998,996,991,989,989,981,979,980,978,978,973,969,969,969,968,4
,,,,,,,,,,,,,,,,
1005,1001,996,993,984,981,982,979,974,976,978,975,972,977,972,975,4
,,,,,,,,,,,,,,,,
998,994,987,988,981,985,985,980,978,985,982,974,977,973,969,974,4
,,,,,,,,,,,,,,,,
1011,1000,1000,996,990,987,990,985,982,978,967,973,972,968,965,968,4
,,,,,,,,,,,,,,,,
1009,1004,995,995,981,987,984,984,969,978,978,972,981,974,973,969,4
,,,,,,,,,,,,,,,,
1003,996,991,991,989,983,985,982,983,977,985,974,972,971,975,974,4
,,,,,,,,,,,,,,,,
1009,1007,1000,998,996,989,987,984,976,970,970,972,971,968,973,973,4
,,,,,,,,,,,,,,,,
1007,1001,993,992,990,986,976,980,965,976,970,965,972,967,970,971,4
,,,,,,,,,,,,,,,,
1003,1002,991,996,985,985,973,979,981,983,977,981,977,974,973,972,4
,,,,,,,,,,,,,,,,
998,1000,997,994,987,992,981,979,982,975,973,970,976,970,969,964,4
,,,,,,,,,,,,,,,,
1011,1002,994,996,992,985,982,976,976,974,971,972,972,974,971,972,4
,,,,,,,,,,,,,,,,
1001,1001,994,994,984,977,976,983,983,984,975,980,974,972,976,978,4
,,,,,,,,,,,,,,,,
1001,1004,995,998,990,982,984,984,974,975,972,977,977,974,970,962,4
,,,,,,,,,,,,,,,,
1011,1005,1002,1000,989,984,979,980,972,980,974,979,977,971,978,975,4
,,,,,,,,,,,,,,,,
1009,998,990,983,985,985,983,977,978,979,975,970,971,974,972,972,4
,,,,,,,,,,,,,,,,
1007,1002,997,992,985,984,985,982,972,979,982,976,966,968,967,964,4
,,,,,,,,,,,,,,,,
1011,1002,995,988,991,991,981,982,975,976,975,972,971,977,964,972,4
,,,,,,,,,,,,,,,,
1006,1001,993,992,987,986,979,980,980,985,983,976,977,976,975,968,4
,,,,,,,,,,,,,,,,
1003,999,995,992,994,983,983,983,985,983,967,976,977,971,974,962,4
,,,,,,,,,,,,,,,,
1013,1001,996,996,989,982,987,979,979,972,977,975,971,973,971,968,4
,,,,,,,,,,,,,,,,
1007,995,997,989,986,978,981,982,978,979,976,972,979,977,972,971,4
,,,,,,,,,,,,,,,,
1006,1000,992,988,995,986,985,984,986,977,977,973,974,972,966,965,4
,,,,,,,,,,,,,,,,
1012,1005,1000,993,989,988,984,982,978,970,980,968,976,968,970,970,4
,,,,,,,,,,,,,,,,
1009,999,993,983,991,981,982,981,978,976,973,975,979,974,970,974,4
,,,,,,,,,,,,,,,,
1011,1003,999,994,993,990,994,989,980,982,976,972,976,968,975,969,4
,,,,,,,,,,,,,,,,
1011,1008,1001,1002,995,992,987,983,978,977,970,976,971,969,976,980,4
,,,,,,,,,,,,,,,,
1008,997,994,991,987,989,983,976,981,975,979,971,975,969,975,976,4
,,,,,,,,,,,,,,,,
1002,1001,993,997,992,987,990,982,982,973,980,981,969,978,974,966,4
,,,,,,,,,,,,,,,,
1005,1007,999,999,992,984,987,981,984,973,977,967,980,976,965,972,4
,,,,,,,,,,,,,,,,
1010,1002,994,993,986,982,980,977,975,979,971,972,970,976,965,975,4
,,,,,,,,,,,,,,,,
1009,999,997,985,992,987,986,979,978,976,984,981,973,977,972,977,4
,,,,,,,,,,,,,,,,
1010,1001,992,1000,995,988,986,983,976,975,973,968,972,966,969,970,4
,,,,,,,,,,,,,,,,
1011,1009,1001,995,988,992,978,988,975,972,974,969,980,973,979,972,4
,,,,,,,,,,,,,,,,
1000,1003,993,988,988,989,980,989,979,976,985,979,981,974,972,966,4
,,,,,,,,,,,,,,,,
1004,1002,994,995,994,986,982,981,979,981,971,971,974,968,965,971,4
,,,,,,,,,,,,,,,,
1011,998,994,995,981,989,985,982,977,980,972,970,975,972,976,977,4
,,,,,,,,,,,,,,,,
998,999,994,991,985,983,989,983,976,977,977,980,980,975,972,967,4
,,,,,,,,,,,,,,,,
1007,1000,991,998,991,984,989,988,984,973,972,969,977,969,964,970,4
,,,,,,,,,,,,,,,,
1004,1005,992,992,985,988,979,978,976,980,975,977,975,974,971,979,4
,,,,,,,,,,,,,,,,
1007,1000,992,989,984,980,987,981,985,986,982,970,972,968,976,971,4
,,,,,,,,,,,,,,,,
1003,1003,995,997,994,987,992,987,983,979,971,973,966,974,969,970,4
,,,,,,,,,,,,,,,,
1007,1005,998,986,988,981,979,983,968,975,968,966,965,967,971,965,4
,,,,,,,,,,,,,,,,
1000,1004,993,986,994,987,984,985,983,979,979,971,978,975,972,965,4
,,,,,,,,,,,,,,,,
1010,1004,992,998,992,982,987,982,976,973,976,964,973,962,970,972,4
,,,,,,,,,,,,,,,,
1009,993,996,988,989,980,978,981,977,976,973,965,969,969,967,969,4
,,,,,,,,,,,,,,,,
1000,996,997,995,986,995,977,979,981,982,971,977,973,974,974,964,4
,,,,,,,,,,,,,,,,
1006,1004,998,998,985,990,986,982,978,982,973,979,968,967,971,961,4
,,,,,,,,,,,,,,,,
1013,1007,999,993,991,987,981,973,975,968,977,967,973,970,968,971,4
,,,,,,,,,,,,,,,,
1006,998,988,993,984,982,976,981,977,980,975,972,972,973,968,973,4
,,,,,,,,,,,,,,,,
1007,1006,992,991,987,992,982,978,981,981,971,974,970,967,967,965,4
,,,,,,,,,,,,,,,,
1011,1003,997,995,988,988,981,985,970,975,975,969,969,969,975,972,4
,,,,,,,,,,,,,,,,
1005,1004,994,993,985,980,975,979,981,975,972,969,976,968,974,970,4
,,,,,,,,,,,,,,,,
1000,996,1000,996,990,991,985,987,985,981,983,979,972,967,967,969,4
,,,,,,,,,,,,,,,,
1010,1007,1002,996,996,981,984,982,982,976,975,971,968,970,973,974,4
,,,,,,,,,,,,,,,,
1010,997,996,992,988,978,974,978,974,976,981,978,971,976,972,975,4
,,,,,,,,,,,,,,,,
998,1004,994,999,987,985,991,987,982,977,979,969,973,974,970,973,4
,,,,,,,,,,,,,,,,
1015,1007,997,992,989,986,987,976,980,974,977,972,973,967,967,970,4
,,,,,,,,,,,,,,,,
1009,1002,992,993,981,982,982,980,983,984,973,983,973,977,977,968,4
,,,,,,,,,,,,,,,,
1007,993,991,992,988,981,986,986,972,978,980,972,979,968,968,970,4
,,,,,,,,,,,,,,,,
1010,1004,996,996,990,986,987,976,982,972,974,978,966,977,966,972,4
,,,,,,,,,,,,,,,,
1009,1002,995,990,982,982,979,981,975,976,983,972,978,977,972,973,4
,,,,,,,,,,,,,,,,
1005,997,986,996,987,989,982,979,990,980,977,983,974,970,974,974,4
,,,,,,,,,,,,,,,,
1005,1002,1002,991,993,983,987,986,977,974,975,969,977,975,977,968,4
,,,,,,,,,,,,,,,,
1003,999,985,994,986,990,987,976,976,981,978,976,982,980,977,970,4
,,,,,,,,,,,,,,,,
1002,1001,989,995,986,990,988,984,983,978,976,974,979,970,969,971,4
,,,,,,,,,,,,,,,,
1006,1007,1003,991,988,986,987,978,973,972,969,969,966,965,966,965,4
,,,,,,,,,,,,,,,,
1009,1002,991,990,988,989,976,976,975,972,978,978,981,969,969,969,4
,,,,,,,,,,,,,,,,
999,995,1002,991,986,992,988,982,981,978,972,979,974,968,969,973,4
,,,,,,,,,,,,,,,,
1004,1003,999,993,990,987,991,982,974,976,969,973,975,972,968,972,4
,,,,,,,,,,,,,,,,
1012,999,998,995,983,985,975,979,977,977,969,974,969,974,972,978,4
,,,,,,,,,,,,,,,,
1007,998,995,988,987,985,988,987,977,977,982,972,975,966,969,960,4
,,,,,,,,,,,,,,,,
1013,1008,1005,994,992,986,990,981,976,975,973,978,975,966,971,975,4
,,,,,,,,,,,,,,,,
1003,1006,994,987,986,986,977,969,982,974,980,973,969,971,971,974,4
,,,,,,,,,,,,,,,,
1001,992,997,989,992,983,985,978,980,983,981,974,971,977,978,973,4
,,,,,,,,,,,,,,,,
1001,1002,999,985,988,989,987,982,973,978,966,975,968,970,974,971,4
,,,,,,,,,,,,,,,,
1008,1001,997,992,992,980,983,980,983,969,969,975,973,971,976,976,4
,,,,,,,,,,,,,,,,
1003,994,999,985,989,980,990,983,983,982,979,979,974,978,973,971,4
,,,,,,,,,,,,,,,,
1005,1001,996,995,987,991,984,976,972,973,970,969,966,958,962,963,4
,,,,,,,,,,,,,,,,
1002,997,990,987,986,985,982,982,976,974,973,971,973,971,970,967,4
,,,,,,,,,,,,,,,,
1008,995,998,989,988,983,986,981,987,976,977,979,973,973,976,970,4
,,,,,,,,,,,,,,,,
1005,1005,1000,992,996,987,984,983,984,972,978,971,965,972,969,971,4
,,,,,,,,,,,,,,,,
1011,997,999,992,987,981,980,981,982,977,980,979,975,973,976,969,4
,,,,,,,,,,,,,,,,
1007,998,993,991,988,986,990,982,984,980,977,975,975,968,978,966,4
,,,,,,,,,,,,,,,,
1003,1002,998,997,987,985,975,980,986,971,977,971,968,970,971,968,4
,,,,,,,,,,,,,,,,
1006,1005,995,999,988,983,980,978,979,967,978,978,970,977,982,966,4
,,,,,,,,,,,,,,,,
1004,998,997,995,983,989,983,980,984,974,981,976,976,979,967,975,4
,,,,,,,,,,,,,,,,
1006,998,998,1000,985,982,985,977,978,973,970,967,974,967,965,967,4
,,,,,,,,,,,,,,,,
1007,1006,1000,993,990,984,976,972,975,973,978,968,974,974,968,970,4
,,,,,,,,,,,,,,,,
1004,996,996,984,985,988,987,981,982,976,980,980,980,970,975,972,4
,,,,,,,,,,,,,,,,
1010,1001,1000,995,985,994,988,983,987,976,977,968,971,968,969,968,4
,,,,,,,,,,,,,,,,
1006,1000,997,989,988,990,978,979,972,965,976,976,970,967,972,971,4
,,,,,,,,,,,,,,,,
1006,999,988,987,983,976,976,973,980,971,975,976,969,966,968,971,4
,,,,,,,,,,,,,,,,
1001,1006,992,992,988,984,982,977,973,968,966,966,970,958,958,957,4
,,,,,,,,,,,,,,,,
1008,1006,996,984,982,976,979,973,974,966,962,966,961,966,962,960,4
,,,,,,,,,,,,,,,,
992,986,973,976,964,963,956,951,957,956,949,947,945,944,934,933,4
,,,,,,,,,,,,,,,,
1005,999,991,982,983,980,977,975,962,957,968,952,955,948,945,934,4
,,,,,,,,,,,,,,,,
1019,1016,1007,1001,993,987,981,975,971,970,969,963,965,960,962,955,4
,,,,,,,,,,,,,,,,
1004,1000,986,986,978,976,972,979,967,970,961,957,961,957,957,951,4
,,,,,,,,,,,,,,,,
1008,999,995,993,985,980,980,970,965,968,961,953,951,952,948,946,4
,,,,,,,,,,,,,,,,
1012,1002,998,984,984,979,971,967,971,961,961,958,959,958,957,950,4
,,,,,,,,,,,,,,,,
999,994,989,985,978,972,968,962,968,960,957,957,958,952,955,946,4
,,,,,,,,,,,,,,,,
1002,994,994,984,985,977,978,975,966,965,963,958,954,955,951,945,4
,,,,,,,,,,,,,,,,
1003,999,992,988,977,975,969,970,958,962,959,960,951,954,942,953,4
,,,,,,,,,,,,,,,,
1004,1001,987,985,982,977,975,967,967,965,963,961,955,954,955,957,4
,,,,,,,,,,,,,,,,
1006,997,995,983,984,983,977,976,975,966,961,955,951,951,950,949,4
,,,,,,,,,,,,,,,,
1004,1005,990,992,986,979,976,971,966,964,960,959,958,956,961,949,4
,,,,,,,,,,,,,,,,
996,999,991,980,985,980,965,973,965,964,961,967,965,956,953,959,4
,,,,,,,,,,,,,,,,
1006,1000,988,985,985,982,981,977,973,978,968,964,955,965,957,954,4
,,,,,,,,,,,,,,,,
1005,996,993,985,994,982,979,978,969,968,957,963,957,957,959,958,4
,,,,,,,,,,,,,,,,
1001,999,991,988,985,974,981,977,960,964,967,960,961,962,956,957,4
,,,,,,,,,,,,,,,,
1002,995,996,988,985,982,984,979,977,970,969,968,965,955,959,956,4
,,,,,,,,,,,,,,,,
1006,995,998,989,992,979,978,966,966,959,961,959,958,961,956,955,4
,,,,,,,,,,,,,,,,
1006,996,988,989,983,976,969,971,966,962,964,966,961,958,957,954,4
,,,,,,,,,,,,,,,,
1002,994,992,990,989,977,983,976,975,973,973,962,964,961,962,951,4
,,,,,,,,,,,,,,,,
1008,997,1000,987,985,981,980,977,971,967,966,960,959,963,959,956,4
,,,,,,,,,,,,,,,,
1007,1002,990,983,987,981,980,971,972,966,971,964,962,957,958,961,4
,,,,,,,,,,,,,,,,
1001,1000,992,990,980,981,968,973,973,968,974,971,961,955,957,955,4
,,,,,,,,,,,,,,,,
1011,992,994,996,990,983,973,977,967,966,960,965,953,952,953,958,4
,,,,,,,,,,,,,,,,
999,997,988,988,984,976,972,971,966,961,959,969,964,955,954,958,4
,,,,,,,,,,,,,,,,
1002,996,992,982,986,981,972,978,975,966,970,965,958,956,955,951,4
,,,,,,,,,,,,,,,,
1007,997,997,994,983,983,982,981,965,969,965,965,963,966,960,959,4
,,,,,,,,,,,,,,,,
998,998,989,986,991,978,980,965,969,970,966,963,966,965,961,962,4
,,,,,,,,,,,,,,,,
1010,993,990,991,987,975,976,980,971,967,968,968,965,962,958,958,4
,,,,,,,,,,,,,,,,
1010,998,997,993,989,984,982,972,969,969,968,959,962,964,954,958,4
,,,,,,,,,,,,,,,,
1010,993,995,991,982,982,969,966,970,970,966,968,966,963,955,961,4
,,,,,,,,,,,,,,,,
1005,998,993,989,989,984,980,976,970,970,972,970,963,959,958,957,4
,,,,,,,,,,,,,,,,
998,998,995,993,989,983,981,973,975,970,967,971,957,955,953,958,4
,,,,,,,,,,,,,,,,
1000,1004,998,983,983,977,971,969,965,968,961,965,964,957,963,963,4
,,,,,,,,,,,,,,,,
1001,995,990,984,978,980,976,980,973,968,973,963,965,961,953,953,4
,,,,,,,,,,,,,,,,
1009,1003,994,992,988,990,985,977,967,972,962,961,955,960,961,952,4
,,,,,,,,,,,,,,,,
1001,993,987,988,984,973,977,972,966,967,964,965,962,955,957,954,4
,,,,,,,,,,,,,,,,
1004,994,992,984,987,985,980,969,981,975,971,969,961,958,963,951,4
,,,,,,,,,,,,,,,,
1007,1002,997,995,995,981,977,971,974,968,966,967,964,962,956,957,4
,,,,,,,,,,,,,,,,
1009,1005,998,984,986,980,972,976,968,964,973,964,963,960,959,961,4
,,,,,,,,,,,,,,,,
1009,1000,993,990,979,983,975,978,977,969,975,968,973,968,963,964,4
,,,,,,,,,,,,,,,,
1006,997,991,991,987,988,980,979,973,968,978,962,957,967,954,958,4
,,,,,,,,,,,,,,,,
1004,1005,992,987,985,976,971,973,970,971,966,969,957,964,962,955,4
,,,,,,,,,,,,,,,,
1008,999,990,984,980,978,977,975,975,974,968,968,967,964,958,959,4
,,,,,,,,,,,,,,,,
1002,994,994,995,995,992,976,981,976,971,970,968,963,958,954,961,4
,,,,,,,,,,,,,,,,
1011,1004,994,988,988,980,975,974,968,973,961,961,958,962,957,961,4
,,,,,,,,,,,,,,,,
1006,998,994,982,982,969,972,967,969,971,971,969,964,957,959,964,4
,,,,,,,,,,,,,,,,
996,1000,993,992,988,982,979,978,976,976,965,969,962,960,957,958,4
,,,,,,,,,,,,,,,,
1014,1003,1002,990,990,980,979,974,967,971,962,968,967,964,969,966,4
,,,,,,,,,,,,,,,,
1009,1003,987,987,976,977,972,975,972,965,969,969,971,965,967,961,4
,,,,,,,,,,,,,,,,
1005,1001,1001,982,987,982,980,972,976,968,968,966,962,961,959,956,4
,,,,,,,,,,,,,,,,
1009,1004,1000,992,984,982,975,974,974,966,965,966,959,969,961,963,4
,,,,,,,,,,,,,,,,
1001,1002,985,989,978,985,976,979,973,970,973,971,965,969,967,959,4
,,,,,,,,,,,,,,,,
1005,1002,993,995,986,982,980,975,972,976,974,967,964,966,964,960,4
,,,,,,,,,,,,,,,,
1004,1002,1003,989,992,976,974,970,974,967,965,969,966,959,966,959,4
,,,,,,,,,,,,,,,,
1003,1002,985,980,984,981,975,978,971,973,977,969,967,966,967,964,4
,,,,,,,,,,,,,,,,
1002,995,996,996,982,981,984,976,972,973,966,966,965,969,967,955,4
,,,,,,,,,,,,,,,,
1010,997,1006,995,985,982,984,979,966,971,963,965,961,959,966,956,4
,,,,,,,,,,,,,,,,
1005,995,994,988,979,976,973,972,974,971,967,964,970,971,966,968,4
,,,,,,,,,,,,,,,,
1004,1001,992,987,988,978,985,980,978,977,972,976,967,968,957,965,4
,,,,,,,,,,,,,,,,
1009,1003,994,991,993,983,972,972,975,966,964,959,968,959,961,958,4
,,,,,,,,,,,,,,,,
1002,999,991,990,978,982,980,976,978,970,973,970,965,973,961,966,4
,,,,,,,,,,,,,,,,
1007,993,998,989,987,986,980,979,972,974,978,971,962,967,968,961,4
,,,,,,,,,,,,,,,,
1009,997,997,993,981,982,981,972,970,968,970,967,959,964,963,960,4
,,,,,,,,,,,,,,,,
1005,1001,997,992,988,974,976,979,967,967,967,970,970,968,967,966,4
,,,,,,,,,,,,,,,,
997,995,997,993,981,981,978,985,973,969,977,974,971,966,957,961,4
,,,,,,,,,,,,,,,,
1004,1002,999,989,986,988,982,978,967,966,966,959,966,964,963,962,4
,,,,,,,,,,,,,,,,
1007,1002,988,991,979,979,976,972,969,972,965,973,960,965,964,962,4
,,,,,,,,,,,,,,,,
1001,999,997,990,981,983,982,981,980,981,975,971,967,964,966,964,4
,,,,,,,,,,,,,,,,
1013,998,998,994,983,988,980,981,971,977,963,961,965,958,964,954,4
,,,,,,,,,,,,,,,,
1013,1007,999,994,978,980,978,971,974,966,971,969,968,969,968,957,4
,,,,,,,,,,,,,,,,
1001,998,991,985,987,984,974,972,971,978,969,972,961,970,962,964,4
,,,,,,,,,,,,,,,,
1007,998,998,996,986,982,984,974,975,971,964,961,970,956,962,962,4
,,,,,,,,,,,,,,,,
1005,997,993,991,981,975,980,969,971,968,968,967,966,971,967,959,4
,,,,,,,,,,,,,,,,
1003,994,998,994,979,988,986,981,978,969,969,969,966,962,966,963,4
,,,,,,,,,,,,,,,,
1000,1000,1000,988,993,987,976,966,978,963,971,959,967,963,957,959,4
,,,,,,,,,,,,,,,,
1007,1009,995,990,983,982,978,977,973,969,970,965,970,957,962,961,4
,,,,,,,,,,,,,,,,
998,993,987,984,980,984,980,978,972,976,970,968,963,963,965,962,4
,,,,,,,,,,,,,,,,
1010,993,989,991,994,982,975,977,980,968,965,961,971,965,961,957,4
,,,,,,,,,,,,,,,,
1006,1001,990,987,992,980,976,977,967,970,961,962,959,958,963,962,4
,,,,,,,,,,,,,,,,
1001,998,992,982,981,983,982,980,976,976,974,965,968,968,968,970,4
,,,,,,,,,,,,,,,,
1008,992,997,987,982,986,982,975,971,972,965,964,969,962,965,953,4
,,,,,,,,,,,,,,,,
1003,997,994,992,989,976,980,974,970,967,963,970,957,963,962,959,4
,,,,,,,,,,,,,,,,
1013,992,981,987,979,976,977,971,974,973,972,973,969,965,966,962,4
,,,,,,,,,,,,,,,,
1006,987,989,982,976,982,969,967,970,965,966,967,955,951,947,955,4
,,,,,,,,,,,,,,,,
1003,991,988,984,980,968,964,955,950,949,955,949,953,948,941,937,4
,,,,,,,,,,,,,,,,
1023,1021,1020,1012,1010,1010,1001,1006,997,999,1001,996,991,988,988,986,4
,,,,,,,,,,,,,,,,
1003,998,999,993,987,979,982,975,970,966,970,969,972,964,959,964,4
,,,,,,,,,,,,,,,,
1010,1000,995,991,992,985,979,976,970,972,969,970,966,969,962,965,4
,,,,,,,,,,,,,,,,
1005,1001,998,986,982,981,979,981,978,970,979,973,972,969,976,972,4
,,,,,,,,,,,,,,,,
1008,1001,998,992,990,991,987,988,982,976,983,974,970,974,971,968,4
,,,,,,,,,,,,,,,,
1013,999,997,994,990,986,985,984,973,971,966,969,970,969,964,971,4
,,,,,,,,,,,,,,,,
1004,1000,992,989,983,976,978,977,974,969,973,972,971,970,965,966,4
,,,,,,,,,,,,,,,,
1001,1002,1000,992,988,989,984,976,984,981,976,975,975,966,962,966,4
,,,,,,,,,,,,,,,,
1010,998,994,999,990,983,981,983,976,970,976,966,965,971,973,973,4
,,,,,,,,,,,,,,,,
1008,997,993,990,984,978,989,973,979,970,976,977,972,968,973,971,4
,,,,,,,,,,,,,,,,
1008,996,992,995,986,982,988,983,982,981,973,974,973,975,963,966,4
,,,,,,,,,,,,,,,,
1002,1004,1001,995,989,992,981,975,975,980,972,970,966,971,969,969,4
,,,,,,,,,,,,,,,,
1006,997,1000,994,991,986,985,973,979,982,977,974,967,973,974,971,4
,,,,,,,,,,,,,,,,
998,997,997,997,989,984,980,975,982,986,973,980,975,970,976,973,4
,,,,,,,,,,,,,,,,
1011,1005,994,1003,989,985,987,985,978,976,980,974,975,978,971,969,4
,,,,,,,,,,,,,,,,
1003,1002,997,992,993,990,986,976,974,988,981,977,976,973,975,976,4
,,,,,,,,,,,,,,,,
1000,1000,999,992,987,984,990,987,980,982,974,982,980,980,977,970,4
,,,,,,,,,,,,,,,,
1010,997,997,996,1000,984,987,985,986,973,971,973,970,973,972,968,4
,,,,,,,,,,,,,,,,
1005,999,1005,987,993,989,983,986,977,974,970,972,980,979,974,973,4
,,,,,,,,,,,,,,,,
1003,995,997,991,991,991,987,989,978,980,981,980,977,971,974,974,4
,,,,,,,,,,,,,,,,
1009,999,996,1000,986,986,984,983,981,976,976,976,976,973,969,971,4
,,,,,,,,,,,,,,,,
1014,1001,997,995,985,987,985,982,981,975,974,971,974,975,977,977,4
,,,,,,,,,,,,,,,,
1008,993,994,988,982,983,985,987,982,976,984,980,976,977,975,972,4
,,,,,,,,,,,,,,,,
1014,1000,998,990,997,994,985,989,983,985,981,972,973,970,965,971,4
,,,,,,,,,,,,,,,,
1015,1004,1006,993,982,981,982,976,977,972,982,968,977,969,968,968,4
,,,,,,,,,,,,,,,,
1003,1005,992,989,982,989,983,983,986,974,973,984,982,983,970,976,4
,,,,,,,,,,,,,,,,
1006,999,993,1000,988,996,992,988,975,980,980,979,968,968,966,969,4
,,,,,,,,,,,,,,,,
1007,1009,999,999,985,986,992,986,978,975,976,974,980,978,972,971,4
,,,,,,,,,,,,,,,,
1000,1002,989,994,991,984,991,982,976,978,982,981,979,975,976,981,4
,,,,,,,,,,,,,,,,
1002,999,1001,992,991,987,992,991,982,975,983,981,982,973,972,967,4
,,,,,,,,,,,,,,,,
1006,1008,997,993,990,988,990,975,980,980,969,972,976,974,968,980,4
,,,,,,,,,,,,,,,,
1005,1002,990,996,982,979,984,983,985,977,974,980,978,977,976,978,4
,,,,,,,,,,,,,,,,
1007,995,992,993,993,984,991,985,988,980,985,973,978,970,973,978,4
,,,,,,,,,,,,,,,,
1016,1013,999,1003,1001,995,992,990,988,976,981,977,975,974,976,975,4
,,,,,,,,,,,,,,,,
1010,995,997,992,989,988,983,975,975,981,974,972,975,977,974,975,4
,,,,,,,,,,,,,,,,
995,998,997,986,984,995,985,983,982,982,977,980,972,972,970,969,4
,,,,,,,,,,,,,,,,
1009,997,996,991,990,987,989,975,975,976,978,969,971,968,970,968,4
,,,,,,,,,,,,,,,,
1014,1003,995,987,988,982,977,977,975,976,976,981,977,979,968,973,4
,,,,,,,,,,,,,,,,
997,997,992,989,985,986,981,987,980,971,976,974,971,968,965,972,4
,,,,,,,,,,,,,,,,
1006,1002,994,996,988,990,989,984,973,977,967,969,974,967,964,962,4
,,,,,,,,,,,,,,,,
1001,1002,997,993,990,981,976,983,973,974,969,978,968,974,967,967,4
,,,,,,,,,,,,,,,,
999,995,997,998,990,988,986,980,987,986,978,980,971,972,971,966,4
,,,,,,,,,,,,,,,,
1016,1005,1002,999,988,990,997,991,981,980,971,968,970,972,970,964,4
,,,,,,,,,,,,,,,,
1008,1005,987,994,990,984,984,979,972,972,976,980,977,972,973,970,4
,,,,,,,,,,,,,,,,
999,993,995,992,986,986,986,985,985,982,982,973,981,971,973,970,4
,,,,,,,,,,,,,,,,
1012,1003,993,1004,995,992,992,990,981,974,975,977,974,965,973,968,4
,,,,,,,,,,,,,,,,
1004,1000,994,993,992,985,982,981,980,979,980,984,971,981,977,981,4
,,,,,,,,,,,,,,,,
1005,997,1001,988,990,985,982,989,981,976,981,978,973,970,978,976,4
,,,,,,,,,,,,,,,,
999,1006,1002,995,991,990,985,988,983,976,973,968,972,973,969,969,4
,,,,,,,,,,,,,,,,
1011,1004,999,995,991,983,979,982,980,974,976,969,977,978,970,978,4
,,,,,,,,,,,,,,,,
1004,995,989,988,992,980,981,987,987,976,990,976,977,976,970,972,4
,,,,,,,,,,,,,,,,
1008,1002,994,994,989,991,991,984,982,974,973,976,975,966,967,965,4
,,,,,,,,,,,,,,,,
1005,1001,1003,992,987,984,979,978,973,978,979,969,976,973,979,967,4
,,,,,,,,,,,,,,,,
1009,996,1003,992,989,988,982,978,980,984,982,980,978,976,976,980,4
,,,,,,,,,,,,,,,,
1000,997,999,999,995,994,984,980,977,982,983,971,972,973,972,964,4
,,,,,,,,,,,,,,,,
1012,998,997,1002,996,988,983,980,982,975,976,966,972,971,967,983,4
,,,,,,,,,,,,,,,,
996,990,995,994,982,984,978,984,981,983,980,973,973,974,972,975,4
,,,,,,,,,,,,,,,,
1008,1005,996,989,985,992,985,979,985,981,980,972,975,972,972,971,4
,,,,,,,,,,,,,,,,
1005,1004,1010,993,992,979,975,980,979,980,970,974,967,974,978,977,4
,,,,,,,,,,,,,,,,
1011,996,993,996,991,985,981,982,978,982,978,978,974,979,971,976,4
,,,,,,,,,,,,,,,,
1002,1002,993,997,993,993,990,984,978,974,978,980,981,969,970,970,4
,,,,,,,,,,,,,,,,
1013,1001,1003,1001,991,987,986,983,978,979,973,970,962,970,976,970,4
,,,,,,,,,,,,,,,,
1005,1005,994,993,986,984,979,983,982,982,978,978,983,972,976,973,4
,,,,,,,,,,,,,,,,
1005,994,1002,992,992,996,983,983,977,979,985,978,977,968,978,968,4
,,,,,,,,,,,,,,,,
1009,1005,990,990,989,993,991,982,979,981,977,982,969,976,967,966,4
,,,,,,,,,,,,,,,,
1001,1001,1001,986,988,981,980,984,980,975,980,980,976,984,979,972,4
,,,,,,,,,,,,,,,,
1005,1001,996,989,995,988,990,982,991,977,979,978,977,977,970,965,4
,,,,,,,,,,,,,,,,
1012,1012,1003,996,997,991,982,983,985,974,972,974,969,966,972,977,4
,,,,,,,,,,,,,,,,
1013,998,996,998,988,988,974,982,975,977,985,972,974,980,978,979,4
,,,,,,,,,,,,,,,,
1001,994,995,995,983,992,986,980,985,981,978,979,975,973,972,973,4
,,,,,,,,,,,,,,,,
1001,1005,997,999,984,990,991,983,984,975,977,971,974,969,968,971,4
,,,,,,,,,,,,,,,,
1009,1006,1000,995,986,989,985,984,981,983,981,976,977,973,975,973,4
,,,,,,,,,,,,,,,,
999,1001,993,988,987,991,980,984,979,983,982,978,979,977,977,973,4
,,,,,,,,,,,,,,,,
1006,1010,993,997,993,991,986,992,976,980,979,978,979,968,969,966,4
,,,,,,,,,,,,,,,,
1009,1005,994,992,990,990,985,987,981,978,972,979,979,980,971,979,4
,,,,,,,,,,,,,,,,
1006,1003,994,989,994,994,988,984,986,978,979,986,970,980,973,977,4
,,,,,,,,,,,,,,,,
1007,1005,1003,991,996,993,979,979,981,980,975,974,967,969,976,968,4
,,,,,,,,,,,,,,,,
1003,1005,994,1005,996,982,984,975,975,979,978,975,971,975,982,973,4
,,,,,,,,,,,,,,,,
1003,997,993,995,987,986,985,985,978,977,985,975,982,976,974,981,4
,,,,,,,,,,,,,,,,
1009,997,1001,999,998,990,988,986,982,981,975,977,974,970,980,978,4
,,,,,,,,,,,,,,,,
1012,1000,1005,996,987,987,982,986,983,983,978,976,973,982,978,977,4
,,,,,,,,,,,,,,,,
1002,1000,999,993,985,985,980,981,982,981,985,986,977,973,967,971,4
,,,,,,,,,,,,,,,,
1004,1002,998,992,992,987,995,988,984,981,981,985,971,973,972,974,4
,,,,,,,,,,,,,,,,
1010,1003,998,994,991,986,990,980,977,983,977,986,977,974,978,977,4
,,,,,,,,,,,,,,,,
1009,994,998,988,990,981,976,983,977,979,979,982,973,977,971,973,4
,,,,,,,,,,,,,,,,
1002,999,997,998,996,986,986,993,986,984,976,981,972,969,968,964,4
,,,,,,,,,,,,,,,,
1007,1004,1002,999,992,986,980,979,983,984,974,976,979,973,982,976,4
,,,,,,,,,,,,,,,,
1008,995,996,988,987,989,989,986,978,988,982,981,971,983,975,978,4
,,,,,,,,,,,,,,,,
1007,999,994,996,992,987,986,992,988,983,980,976,984,981,981,975,4
,,,,,,,,,,,,,,,,
1012,1008,997,990,998,991,988,980,980,976,982,976,975,975,977,975,4
,,,,,,,,,,,,,,,,
1009,995,996,990,980,977,986,981,981,980,984,978,980,977,982,978,4
,,,,,,,,,,,,,,,,
1002,1000,992,999,994,987,989,983,979,983,981,984,972,979,971,975,4
,,,,,,,,,,,,,,,,
1013,1004,1002,995,995,991,987,982,988,978,979,975,977,971,975,975,4
,,,,,,,,,,,,,,,,
1009,997,996,995,989,986,980,989,975,977,980,979,982,980,978,979,4
,,,,,,,,,,,,,,,,
1002,1000,998,989,990,988,990,983,983,985,976,974,976,975,977,979,4
,,,,,,,,,,,,,,,,
1003,1007,999,996,995,994,988,982,981,972,975,973,973,969,980,981,4
,,,,,,,,,,,,,,,,
1008,1005,1002,987,986,987,988,989,984,975,978,980,979,977,982,970,4
,,,,,,,,,,,,,,,,
1000,1001,995,998,993,985,987,988,985,981,978,985,981,978,974,968,4
,,,,,,,,,,,,,,,,
1014,1004,1001,1001,994,991,985,983,988,977,979,973,972,981,974,979,4
,,,,,,,,,,,,,,,,
1003,1003,995,989,984,986,985,980,981,982,976,978,978,982,982,977,4
,,,,,,,,,,,,,,,,
1001,997,1000,989,992,987,992,986,989,987,984,985,983,984,978,970,4
,,,,,,,,,,,,,,,,
1002,1008,1002,999,993,996,990,984,990,978,973,978,975,975,972,972,4
,,,,,,,,,,,,,,,,
1010,997,996,990,991,980,981,987,972,981,981,973,981,979,979,974,4
,,,,,,,,,,,,,,,,
1001,999,993,990,986,988,984,990,982,981,985,977,982,979,979,972,4
,,,,,,,,,,,,,,,,
1006,1002,995,1000,999,995,990,986,974,980,975,979,979,976,979,977,4
,,,,,,,,,,,,,,,,
1005,1001,992,990,990,990,980,988,976,980,982,972,983,979,978,980,4
,,,,,,,,,,,,,,,,
1009,1005,998,993,985,985,982,987,988,989,980,981,985,981,982,984,4
,,,,,,,,,,,,,,,,
1003,1003,1002,1002,995,995,993,987,981,976,980,985,974,973,977,973,4
,,,,,,,,,,,,,,,,
1009,1000,998,998,986,988,981,981,975,977,981,978,977,974,977,980,4
,,,,,,,,,,,,,,,,
1000,1002,992,994,993,985,989,980,996,986,987,986,979,980,978,976,4
,,,,,,,,,,,,,,,,
1006,1005,1002,993,998,993,985,990,982,977,984,981,979,978,973,971,4
,,,,,,,,,,,,,,,,
1007,1005,1005,991,994,991,983,979,981,981,981,981,979,982,976,977,4
,,,,,,,,,,,,,,,,
1009,1002,998,995,983,989,989,980,984,981,980,978,978,986,979,975,4
,,,,,,,,,,,,,,,,
1005,1003,995,999,997,990,990,979,983,977,984,978,978,978,977,965,4
,,,,,,,,,,,,,,,,
1015,999,1000,995,988,988,981,985,985,977,982,979,972,974,981,976,4
,,,,,,,,,,,,,,,,
1008,994,994,991,991,992,987,987,990,986,985,977,979,981,981,979,4
,,,,,,,,,,,,,,,,
1005,1004,997,1000,992,991,993,985,987,989,977,979,976,982,972,969,4
,,,,,,,,,,,,,,,,
1004,1005,1002,999,987,988,986,985,985,975,974,981,977,975,978,982,4
,,,,,,,,,,,,,,,,
1005,996,989,993,990,981,985,987,985,987,977,977,983,979,979,977,4
,,,,,,,,,,,,,,,,
1008,1002,989,999,999,986,987,985,982,979,982,981,983,972,973,976,4
,,,,,,,,,,,,,,,,
1014,1008,1005,1000,996,985,990,987,979,975,978,977,976,977,977,976,4
,,,,,,,,,,,,,,,,
1003,1001,992,994,999,989,982,989,978,981,981,978,978,981,987,972,4
,,,,,,,,,,,,,,,,
1003,1004,995,993,1000,990,981,985,984,988,985,980,983,977,978,979,4
,,,,,,,,,,,,,,,,
1009,1003,999,1002,995,994,990,988,985,980,978,973,984,972,976,976,4
,,,,,,,,,,,,,,,,
1006,1002,997,993,985,983,984,983,984,983,984,980,978,982,982,983,4
,,,,,,,,,,,,,,,,
1001,999,991,991,993,993,985,991,993,985,982,979,986,984,976,978,4
,,,,,,,,,,,,,,,,
1005,1003,1005,992,994,993,993,990,987,978,987,971,979,975,978,970,4
,,,,,,,,,,,,,,,,
1002,998,1004,995,996,985,985,985,982,982,977,976,983,984,979,985,4
,,,,,,,,,,,,,,,,
1005,1001,998,997,992,994,987,992,986,989,981,983,983,980,971,978,4
,,,,,,,,,,,,,,,,
999,1002,1000,998,998,993,987,986,978,985,975,979,977,973,976,975,4
,,,,,,,,,,,,,,,,
1015,1015,999,1000,988,992,986,988,989,987,988,979,987,988,978,981,4
,,,,,,,,,,,,,,,,
1006,996,999,995,988,994,985,989,989,991,987,993,978,983,975,974,4
,,,,,,,,,,,,,,,,
0,0,0,0,1,0,0,4,0,1,3,0,0,1,0,1,4
,,,,,,,,,,,,,,,,
1012,995,998,990,981,980,984,982,975,978,968,969,976,977,978,976,4
,,,,,,,,,,,,,,,,
999,996,994,981,981,979,981,973,972,978,981,971,975,963,962,961,4
,,,,,,,,,,,,,,,,
1,1,0,0,0,0,0,1,0,0,0,0,0,5,0,0,4
,,,,,,,,,,,,,,,,
1013,1007,994,996,993,983,997,980,983,982,974,971,970,972,979,978,4
,,,,,,,,,,,,,,,,
1007,1004,995,994,993,991,985,980,980,980,979,983,979,977,977,974,4
,,,,,,,,,,,,,,,,
1005,999,994,992,987,990,981,981,985,979,978,971,972,969,966,974,4