980,985,983,980,981,979,971,977,973,967,972,959,950,947,948,941,3
,,,,,,,,,,,,,,,,
1004,996,987,982,980,976,976,967,954,954,950,947,948,941,937,936,3
,,,,,,,,,,,,,,,,
1012,1001,990,978,975,973,969,966,963,962,961,963,959,964,960,961,3
,,,,,,,,,,,,,,,,
1005,1001,988,994,988,987,983,986,981,984,979,978,970,966,958,961,3
,,,,,,,,,,,,,,,,
1022,1015,1009,1010,1005,999,992,985,979,977,967,972,967,963,961,963,3
,,,,,,,,,,,,,,,,
1017,1010,998,996,989,980,982,972,970,970,963,974,973,971,974,973,3
,,,,,,,,,,,,,,,,
1002,998,992,991,983,985,976,981,984,982,976,973,973,961,967,959,3
,,,,,,,,,,,,,,,,
1008,1002,998,999,994,990,986,975,972,969,959,963,960,960,951,955,3
,,,,,,,,,,,,,,,,
1013,1005,993,993,984,979,979,972,969,959,958,965,965,960,971,971,3
,,,,,,,,,,,,,,,,
1000,992,987,982,981,976,974,978,988,981,975,977,974,975,967,964,3
,,,,,,,,,,,,,,,,
1002,1001,1002,996,994,989,987,980,974,970,973,962,960,959,951,959,3
,,,,,,,,,,,,,,,,
1016,1006,998,994,989,979,980,968,971,962,969,960,965,965,965,968,3
,,,,,,,,,,,,,,,,
1004,989,988,983,978,983,975,977,978,976,976,979,975,974,963,972,3
,,,,,,,,,,,,,,,,
999,1004,997,994,992,986,988,984,981,982,972,969,960,958,960,957,3
,,,,,,,,,,,,,,,,
1020,1006,999,997,990,983,976,970,967,969,966,962,968,965,965,965,3
,,,,,,,,,,,,,,,,
1003,996,987,981,983,976,970,977,975,988,978,980,976,976,974,966,3
,,,,,,,,,,,,,,,,
1003,997,995,995,986,992,988,985,978,975,977,967,957,959,954,956,3
,,,,,,,,,,,,,,,,
1016,1006,1003,994,992,983,975,977,971,970,964,958,963,962,960,967,3
,,,,,,,,,,,,,,,,
1008,1000,985,985,979,981,976,978,975,975,972,978,973,973,972,970,3
,,,,,,,,,,,,,,,,
1002,999,994,991,991,989,987,987,986,980,976,975,962,963,960,953,3
,,,,,,,,,,,,,,,,
1014,1010,1005,999,995,987,975,976,972,966,966,961,965,960,959,957,3
,,,,,,,,,,,,,,,,
1009,1005,992,985,980,979,971,973,975,973,970,966,968,974,969,968,3
,,,,,,,,,,,,,,,,
1000,996,987,983,989,982,989,984,981,982,973,975,970,966,966,952,3
,,,,,,,,,,,,,,,,
1015,1007,1001,996,996,989,985,974,973,967,965,961,953,962,959,959,3
,,,,,,,,,,,,,,,,
1007,1001,997,992,981,977,973,971,964,968,964,975,961,970,973,971,3
,,,,,,,,,,,,,,,,
1001,990,990,988,981,988,984,985,976,974,981,974,971,968,968,961,3
,,,,,,,,,,,,,,,,
1009,1000,997,994,991,995,984,985,972,971,966,961,955,960,962,957,3
,,,,,,,,,,,,,,,,
1015,1001,997,992,987,978,980,971,967,967,968,971,970,965,970,973,3
,,,,,,,,,,,,,,,,
999,998,984,985,983,983,985,983,979,978,982,978,973,973,969,962,3
,,,,,,,,,,,,,,,,
1008,1003,999,992,992,992,987,981,975,970,970,968,966,966,959,960,3
,,,,,,,,,,,,,,,,
1014,1008,996,995,987,982,976,970,969,967,969,967,967,962,973,968,3
,,,,,,,,,,,,,,,,
1001,993,991,986,984,978,981,988,981,971,980,980,979,974,972,971,3
,,,,,,,,,,,,,,,,
1002,994,995,990,993,984,974,982,972,971,958,960,957,951,949,952,3
,,,,,,,,,,,,,,,,
1019,1014,1004,1000,991,987,0,0,0,1,0,0,0,0,0,0,3
,,,,,,,,,,,,,,,,
998,0,0,0,0,0,0,0,2,1,0,2,1,915,925,926,3
,,,,,,,,,,,,,,,,
1,0,0,0,0,0,0,0,2,0,1,0,0,0,0,0,3
,,,,,,,,,,,,,,,,
1017,1005,998,994,989,978,982,969,966,963,960,950,958,957,953,958,3
,,,,,,,,,,,,,,,,
1001,996,991,976,982,970,975,976,968,965,972,970,969,969,971,967,3
,,,,,,,,,,,,,,,,
997,997,994,989,991,986,987,982,976,980,968,966,969,956,955,956,3
,,,,,,,,,,,,,,,,
1015,1001,1002,994,986,988,979,969,961,966,963,959,954,960,956,961,3
,,,,,,,,,,,,,,,,
1010,999,991,981,986,982,979,970,971,975,975,968,969,978,974,968,3
,,,,,,,,,,,,,,,,
993,995,987,988,989,984,983,985,983,981,974,971,963,962,960,962,3
,,,,,,,,,,,,,,,,
1009,1002,999,995,989,988,976,971,963,954,957,958,943,944,942,944,3
,,,,,,,,,,,,,,,,
985,974,965,953,947,940,937,929,925,922,926,927,923,922,919,923,3
,,,,,,,,,,,,,,,,
992,991,985,977,978,976,974,969,964,967,966,961,958,947,945,937,3
,,,,,,,,,,,,,,,,
1010,1008,999,999,996,989,982,975,969,964,957,953,949,945,945,946,3
,,,,,,,,,,,,,,,,
1017,1008,996,989,984,975,970,961,957,952,960,958,958,955,963,959,3
,,,,,,,,,,,,,,,,
1005,997,993,988,986,983,977,980,973,978,974,976,969,971,961,960,3
,,,,,,,,,,,,,,,,
979,977,971,971,967,968,964,953,951,943,938,934,926,926,928,917,3
,,,,,,,,,,,,,,,,
1023,1020,1011,1008,996,994,988,985,978,973,969,977,970,976,971,982,3
,,,,,,,,,,,,,,,,
1015,1006,1001,1000,991,993,984,989,990,990,987,989,983,987,979,978,3
,,,,,,,,,,,,,,,,
990,990,981,988,986,978,981,970,972,967,965,959,952,949,947,944,3
,,,,,,,,,,,,,,,,
997,994,990,974,972,968,958,955,949,949,947,944,938,939,942,946,3
,,,,,,,,,,,,,,,,
1015,1000,993,997,988,986,987,983,981,982,981,981,982,978,978,977,3
,,,,,,,,,,,,,,,,
999,999,1000,996,996,988,987,989,986,980,979,978,969,964,962,957,3
,,,,,,,,,,,,,,,,
1014,1006,1007,1002,991,989,975,973,969,965,956,962,962,960,961,967,3
,,,,,,,,,,,,,,,,
1005,993,986,983,975,967,973,970,973,971,972,975,971,973,974,968,3
,,,,,,,,,,,,,,,,
994,993,989,983,985,981,986,982,979,977,971,972,964,959,948,951,3
,,,,,,,,,,,,,,,,
1009,1003,1001,993,991,987,982,979,964,966,958,961,958,958,954,957,3
,,,,,,,,,,,,,,,,
1013,1009,1003,994,986,982,981,974,982,979,979,986,981,977,984,974,3
,,,,,,,,,,,,,,,,
1010,1006,995,999,996,989,994,987,992,993,989,980,976,975,967,964,3
,,,,,,,,,,,,,,,,
1011,1003,998,995,990,984,982,971,968,966,960,958,954,958,954,950,3
,,,,,,,,,,,,,,,,
1011,1007,993,989,986,977,976,975,970,965,971,974,972,973,969,972,3
,,,,,,,,,,,,,,,,
987,987,980,979,975,973,968,976,975,974,970,969,956,958,946,953,3
,,,,,,,,,,,,,,,,
1014,1006,1004,1000,997,993,992,978,980,970,965,961,958,958,953,955,3
,,,,,,,,,,,,,,,,
1011,1006,1001,989,991,979,977,972,963,962,972,963,971,972,971,972,3
,,,,,,,,,,,,,,,,
1000,991,989,987,979,985,977,983,986,986,980,980,971,973,966,960,3
,,,,,,,,,,,,,,,,
1007,1015,1007,1001,1000,1003,995,988,988,983,982,972,969,962,967,960,3
,,,,,,,,,,,,,,,,
1014,1012,996,996,984,984,976,978,968,966,963,970,970,970,973,970,3
,,,,,,,,,,,,,,,,
1004,993,991,986,979,983,982,980,987,983,986,981,980,979,973,965,3
,,,,,,,,,,,,,,,,
1005,1001,1004,998,996,998,992,989,981,982,980,970,966,966,957,962,3
,,,,,,,,,,,,,,,,
1020,1005,1004,997,995,977,980,976,977,976,971,971,968,964,969,975,3
,,,,,,,,,,,,,,,,
1008,997,990,986,982,992,985,980,983,980,984,985,985,980,977,970,3
,,,,,,,,,,,,,,,,
1002,1000,999,992,997,992,988,989,984,982,980,974,967,967,956,964,3
,,,,,,,,,,,,,,,,
1014,1014,1000,999,994,984,983,980,973,972,966,970,971,971,965,968,3
,,,,,,,,,,,,,,,,
1003,996,987,980,981,980,969,977,974,978,977,979,978,975,975,975,3
,,,,,,,,,,,,,,,,
1003,992,999,997,995,995,992,990,989,983,980,978,967,966,964,961,3
,,,,,,,,,,,,,,,,
1015,1005,1001,1000,995,982,983,975,971,971,965,969,966,966,961,969,3
,,,,,,,,,,,,,,,,
1011,1003,987,983,979,983,973,979,973,972,978,973,978,980,972,977,3
,,,,,,,,,,,,,,,,
1000,992,998,988,987,991,994,984,987,988,982,980,976,966,967,964,3
,,,,,,,,,,,,,,,,
1019,1006,1007,1000,997,991,980,980,974,970,970,960,965,961,965,960,3
,,,,,,,,,,,,,,,,
1009,1005,992,989,975,978,969,978,972,976,970,981,977,979,976,981,3
,,,,,,,,,,,,,,,,
1001,1000,994,991,988,989,988,989,987,988,982,974,975,973,974,960,3
,,,,,,,,,,,,,,,,
1012,1007,1006,999,998,986,987,978,983,975,964,966,966,964,957,964,3
,,,,,,,,,,,,,,,,
1010,1002,1003,990,990,980,979,974,974,968,978,975,977,977,980,971,3
,,,,,,,,,,,,,,,,
992,996,990,988,985,988,985,987,983,983,982,992,972,971,971,963,3
,,,,,,,,,,,,,,,,
1013,1005,1014,995,998,993,992,982,983,977,973,968,966,969,963,959,3
,,,,,,,,,,,,,,,,
1015,1006,1001,994,988,982,972,973,965,974,971,971,972,979,976,975,3
,,,,,,,,,,,,,,,,
1006,989,989,990,984,983,986,980,982,984,982,980,981,977,970,970,3
,,,,,,,,,,,,,,,,
1004,1003,1005,1000,991,1000,993,989,981,979,969,975,968,967,960,959,3
,,,,,,,,,,,,,,,,
1012,1005,998,995,986,987,980,978,972,963,966,968,971,974,971,973,3
,,,,,,,,,,,,,,,,
1005,997,992,985,982,976,979,980,980,980,979,980,982,974,978,972,3
,,,,,,,,,,,,,,,,
1006,999,1004,999,996,995,995,988,986,983,974,972,966,965,959,961,3
,,,,,,,,,,,,,,,,
1017,1013,1006,1002,993,991,980,979,966,971,965,967,961,970,967,966,3
,,,,,,,,,,,,,,,,
1009,997,985,984,981,979,984,980,977,979,978,975,977,973,979,973,3
,,,,,,,,,,,,,,,,
997,1003,994,993,996,990,989,989,987,982,972,972,971,967,967,961,3
,,,,,,,,,,,,,,,,
1020,1011,1007,1001,995,991,983,980,977,973,969,964,970,966,966,970,3
,,,,,,,,,,,,,,,,
1007,993,992,979,981,976,975,969,978,969,976,970,977,979,980,978,3
,,,,,,,,,,,,,,,,
1005,996,991,991,990,994,989,987,985,983,979,976,975,966,963,962,3
,,,,,,,,,,,,,,,,
1015,1013,1008,1000,995,992,978,979,975,968,971,965,957,964,965,965,3
,,,,,,,,,,,,,,,,
1006,1001,994,988,984,982,978,976,969,979,976,976,977,979,977,976,3
,,,,,,,,,,,,,,,,
1002,989,993,990,989,988,993,987,981,984,978,980,968,975,967,966,3
,,,,,,,,,,,,,,,,
1010,1013,1004,1006,998,992,985,976,978,973,963,959,959,966,957,965,3
,,,,,,,,,,,,,,,,
1012,1002,996,983,980,978,975,966,971,973,969,973,977,981,979,975,3
,,,,,,,,,,,,,,,,
995,992,984,992,986,991,987,986,984,979,982,979,978,974,966,959,3
,,,,,,,,,,,,,,,,
1005,1006,1005,995,998,992,989,985,981,973,966,967,967,963,967,960,3
,,,,,,,,,,,,,,,,
1018,1005,999,990,989,980,979,972,972,972,969,976,972,974,975,976,3
,,,,,,,,,,,,,,,,
999,997,989,985,988,980,988,985,987,981,978,979,977,975,966,966,3
,,,,,,,,,,,,,,,,
1010,1008,1001,1004,995,995,988,985,981,977,968,969,967,961,955,965,3
,,,,,,,,,,,,,,,,
1012,1010,1001,988,986,977,976,977,974,968,963,971,968,970,970,974,3
,,,,,,,,,,,,,,,,
993,995,988,980,987,978,981,982,977,984,981,980,979,977,972,962,3
,,,,,,,,,,,,,,,,
1009,997,1002,1000,989,997,993,984,987,980,972,963,967,962,957,960,3
,,,,,,,,,,,,,,,,
1019,1007,1002,990,993,980,978,975,973,965,969,971,965,973,976,977,3
,,,,,,,,,,,,,,,,
1003,995,998,982,981,981,979,980,976,979,977,987,977,979,975,972,3
,,,,,,,,,,,,,,,,
1003,1001,999,1001,992,1001,988,988,981,981,979,967,960,966,962,956,3
,,,,,,,,,,,,,,,,
1017,1010,1000,1002,990,983,976,974,966,968,959,967,970,967,966,971,3
,,,,,,,,,,,,,,,,
1001,995,986,983,984,979,973,980,980,980,982,984,981,979,975,975,3
,,,,,,,,,,,,,,,,
998,999,990,1000,990,997,984,989,986,983,982,974,969,965,967,965,3
,,,,,,,,,,,,,,,,
1018,1012,1000,1000,993,989,985,978,972,971,971,969,971,973,973,976,3
,,,,,,,,,,,,,,,,
1009,997,986,985,982,972,983,980,975,979,979,981,976,984,979,982,3
,,,,,,,,,,,,,,,,
1005,1006,993,994,993,989,986,992,989,980,977,982,974,969,968,965,3
,,,,,,,,,,,,,,,,
1016,1010,1009,1006,998,985,988,981,968,972,969,971,973,969,964,969,3
,,,,,,,,,,,,,,,,
1010,1000,988,987,982,978,974,977,979,980,975,984,979,978,980,972,3
,,,,,,,,,,,,,,,,
996,997,1001,992,988,993,990,995,992,985,978,981,975,965,968,968,3
,,,,,,,,,,,,,,,,
1017,1008,1008,1003,999,995,986,979,977,970,968,970,964,966,966,968,3
,,,,,,,,,,,,,,,,
1017,1006,1000,991,985,975,978,972,980,974,978,973,985,980,983,981,3
,,,,,,,,,,,,,,,,
1004,989,992,988,988,989,987,990,986,989,990,984,979,970,974,969,3
,,,,,,,,,,,,,,,,
1010,1008,1011,1004,1000,997,989,989,983,977,974,969,969,964,965,972,3
,,,,,,,,,,,,,,,,
1016,1005,993,994,981,980,974,973,976,971,978,973,978,984,981,982,3
,,,,,,,,,,,,,,,,
1001,998,989,982,988,990,988,985,993,991,990,983,983,975,980,972,3
,,,,,,,,,,,,,,,,
1010,1007,1004,995,1004,995,988,986,982,979,974,968,964,971,964,969,3
,,,,,,,,,,,,,,,,
1020,1006,1006,996,987,984,978,978,975,977,972,969,978,976,980,985,3
,,,,,,,,,,,,,,,,
1002,996,990,986,986,986,985,985,987,988,982,982,986,982,978,979,3
,,,,,,,,,,,,,,,,
1004,1009,1004,1000,999,997,992,990,984,981,974,973,965,966,968,966,3
,,,,,,,,,,,,,,,,
1017,1007,1006,1000,996,987,981,980,979,974,968,974,975,974,981,979,3
,,,,,,,,,,,,,,,,
1003,1000,990,985,984,986,984,984,983,988,986,985,986,981,983,984,3
,,,,,,,,,,,,,,,,
1003,998,1003,998,1000,1000,995,991,990,984,980,974,975,964,968,966,3
,,,,,,,,,,,,,,,,
1021,1012,1008,995,991,988,976,982,975,976,972,975,973,975,980,977,3
,,,,,,,,,,,,,,,,
1007,998,987,985,987,983,981,982,982,978,984,981,984,984,987,978,3
,,,,,,,,,,,,,,,,
1002,993,993,997,995,991,998,994,989,987,977,980,978,977,965,968,3
,,,,,,,,,,,,,,,,
1019,1011,1008,995,989,984,985,980,976,968,971,973,969,972,975,974,3
,,,,,,,,,,,,,,,,
1006,998,996,983,985,984,980,982,976,982,985,982,982,984,985,980,3
,,,,,,,,,,,,,,,,
999,1001,991,996,998,992,996,991,994,988,988,978,974,975,972,968,3
,,,,,,,,,,,,,,,,
1016,1011,1001,1001,1002,1001,986,985,980,971,971,966,970,970,966,973,3
,,,,,,,,,,,,,,,,
1012,997,1000,992,986,982,975,972,970,983,978,981,980,977,983,977,3
,,,,,,,,,,,,,,,,
998,997,987,985,994,990,985,990,993,984,989,986,980,973,972,970,3
,,,,,,,,,,,,,,,,
1016,1010,1010,1002,1001,990,991,983,985,981,974,966,971,968,968,964,3
,,,,,,,,,,,,,,,,
1013,1009,1002,991,988,983,982,979,969,974,973,977,980,979,985,981,3
,,,,,,,,,,,,,,,,
994,996,993,1000,991,986,988,987,989,982,984,985,977,979,975,973,3
,,,,,,,,,,,,,,,,
1009,1005,1005,1001,998,990,995,989,983,980,976,975,969,966,969,968,3
,,,,,,,,,,,,,,,,
1014,1012,999,996,990,982,978,971,976,973,971,977,976,981,975,980,3
,,,,,,,,,,,,,,,,
997,1000,990,990,986,984,983,979,989,987,991,981,982,981,976,976,3
,,,,,,,,,,,,,,,,
1006,1000,1006,1004,995,997,993,988,990,982,972,974,970,968,965,971,3
,,,,,,,,,,,,,,,,
1021,1010,1001,1000,991,987,979,974,978,971,972,969,973,975,979,976,3
,,,,,,,,,,,,,,,,
1010,993,992,986,984,992,982,983,984,981,985,980,982,977,984,977,3
,,,,,,,,,,,,,,,,
1004,1004,1002,993,990,995,995,991,988,986,984,977,966,971,969,963,3
,,,,,,,,,,,,,,,,
1013,1016,1007,1000,994,988,985,977,980,976,974,976,972,978,976,978,3
,,,,,,,,,,,,,,,,
1009,997,990,989,986,981,980,985,984,980,983,979,989,979,984,980,3
,,,,,,,,,,,,,,,,
997,998,992,999,995,989,996,990,992,987,976,979,969,970,967,966,3
,,,,,,,,,,,,,,,,
1021,1009,1003,1013,992,994,987,975,977,976,973,969,973,973,970,974,3
,,,,,,,,,,,,,,,,
1012,1000,990,990,981,979,979,976,977,978,984,981,981,982,981,981,3
,,,,,,,,,,,,,,,,
1004,999,993,989,996,991,991,996,993,989,991,982,983,975,974,969,3
,,,,,,,,,,,,,,,,
1013,1011,1007,999,1002,997,987,983,979,977,970,963,970,963,968,968,3
,,,,,,,,,,,,,,,,
1010,1001,998,986,982,979,978,974,973,976,972,983,981,986,977,982,3
,,,,,,,,,,,,,,,,
997,998,991,991,991,983,990,988,985,987,991,988,979,970,976,968,3
,,,,,,,,,,,,,,,,
1011,1008,1007,1001,998,997,990,988,979,977,967,970,965,965,960,968,3
,,,,,,,,,,,,,,,,
1013,1005,1004,989,991,983,975,978,974,979,974,979,979,980,982,984,3
,,,,,,,,,,,,,,,,
1001,1000,985,988,984,979,992,984,993,986,991,984,984,986,973,971,3
,,,,,,,,,,,,,,,,
1010,999,1008,1001,1002,997,993,983,984,980,975,973,966,969,972,962,3
,,,,,,,,,,,,,,,,
1016,1007,1002,996,994,988,981,972,980,974,972,973,975,982,978,983,3
,,,,,,,,,,,,,,,,
1012,995,988,983,984,986,983,984,987,980,986,981,987,981,976,979,3
,,,,,,,,,,,,,,,,
1009,1002,998,998,999,997,996,992,984,984,980,976,978,967,967,969,3
,,,,,,,,,,,,,,,,
1017,1011,1003,1000,993,986,985,978,971,977,976,971,971,970,978,977,3
,,,,,,,,,,,,,,,,
998,1001,993,980,986,984,985,980,982,983,984,990,983,983,981,975,3
,,,,,,,,,,,,,,,,
1004,1000,1000,991,1000,995,992,997,987,988,977,979,977,970,968,971,3
,,,,,,,,,,,,,,,,
1018,1013,1005,1001,995,992,984,975,978,974,973,971,970,971,970,976,3
,,,,,,,,,,,,,,,,
1006,993,992,981,986,978,982,979,983,981,983,979,985,980,984,985,3
,,,,,,,,,,,,,,,,
1005,1003,997,997,993,992,987,996,991,981,989,978,976,972,970,969,3
,,,,,,,,,,,,,,,,
1016,1009,1006,996,999,992,985,982,977,973,967,968,971,971,971,966,3
,,,,,,,,,,,,,,,,
1012,1007,1000,990,986,982,978,978,981,976,980,983,984,983,985,981,3
,,,,,,,,,,,,,,,,
999,998,990,996,997,994,996,991,993,990,990,976,979,982,974,962,3
,,,,,,,,,,,,,,,,
1015,1009,1005,1001,1002,988,984,984,980,969,973,967,0,0,0,0,3
,,,,,,,,,,,,,,,,
1013,999,995,989,980,975,974,975,0,0,1,2,0,890,926,933,3
,,,,,,,,,,,,,,,,
998,988,989,985,990,988,992,987,992,989,987,985,978,981,973,970,3
,,,,,,,,,,,,,,,,
1010,1008,1001,1003,1002,998,987,991,981,981,980,974,963,971,971,963,3
,,,,,,,,,,,,,,,,
1019,1009,1000,997,990,980,981,969,970,972,973,974,977,979,982,975,3
,,,,,,,,,,,,,,,,
1004,996,989,988,991,990,983,987,990,990,987,989,984,982,982,970,3
,,,,,,,,,,,,,,,,
1009,1006,1006,999,993,996,1001,984,989,982,972,973,969,965,963,965,3
,,,,,,,,,,,,,,,,
1022,1005,1006,1000,995,984,977,979,979,979,975,971,976,971,980,985,3
,,,,,,,,,,,,,,,,
1002,993,994,987,986,985,981,985,988,987,982,992,989,983,982,975,3
,,,,,,,,,,,,,,,,
1005,1008,1003,1006,1001,1000,992,995,989,988,981,981,978,976,964,971,3
,,,,,,,,,,,,,,,,
1014,1010,1000,1000,986,986,976,977,968,971,971,975,972,975,979,979,3
,,,,,,,,,,,,,,,,
1005,993,988,985,988,975,974,984,985,984,985,987,978,983,985,976,3
,,,,,,,,,,,,,,,,
999,997,993,998,994,992,994,988,987,985,975,980,978,974,968,969,3
,,,,,,,,,,,,,,,,
1017,1014,1013,1002,1000,985,986,982,979,974,975,976,971,976,975,972,3
,,,,,,,,,,,,,,,,
1010,998,993,987,987,985,982,977,980,979,985,992,980,988,981,986,3
,,,,,,,,,,,,,,,,
1001,990,991,995,991,998,995,987,994,983,987,981,977,975,976,965,3
,,,,,,,,,,,,,,,,
1015,1014,1007,1001,993,996,987,985,973,974,975,968,975,972,980,978,3
,,,,,,,,,,,,,,,,
1011,1006,995,988,989,986,984,979,987,980,989,986,982,991,988,988,3
,,,,,,,,,,,,,,,,
997,1000,994,993,997,991,993,987,998,988,984,989,984,984,977,972,3
,,,,,,,,,,,,,,,,
1015,1014,1004,1003,1001,992,995,987,981,981,976,967,973,969,974,975,3
,,,,,,,,,,,,,,,,
1014,999,992,994,984,981,980,974,982,978,979,977,979,987,989,987,3
,,,,,,,,,,,,,,,,
1008,1007,1008,1002,1008,1000,1001,993,997,996,994,995,982,983,987,977,3
,,,,,,,,,,,,,,,,
1009,1007,1000,994,998,992,989,984,983,976,966,963,966,966,963,961,3
,,,,,,,,,,,,,,,,
1015,1008,996,989,987,988,971,979,971,973,978,976,978,978,980,985,3
,,,,,,,,,,,,,,,,
999,989,985,987,981,978,981,980,983,990,985,985,979,979,974,967,3
,,,,,,,,,,,,,,,,
1006,995,1000,1002,991,998,991,990,983,981,973,974,962,963,958,965,3
,,,,,,,,,,,,,,,,
1020,1011,1001,997,985,985,981,972,974,968,972,975,969,978,982,980,3
,,,,,,,,,,,,,,,,
1001,1000,989,991,985,985,987,986,985,991,984,989,992,990,988,984,3
,,,,,,,,,,,,,,,,
997,1002,996,998,1001,997,994,990,991,984,973,971,971,970,970,962,3
,,,,,,,,,,,,,,,,
1023,1010,1012,998,998,992,981,981,978,970,978,974,970,978,979,985,3
,,,,,,,,,,,,,,,,
1005,991,994,989,978,983,975,981,979,983,985,985,991,983,985,985,3
,,,,,,,,,,,,,,,,
1008,1003,1001,1001,1002,1001,998,994,990,991,989,985,982,979,975,974,3
,,,,,,,,,,,,,,,,
1017,1011,1005,1006,997,986,987,978,978,976,982,976,975,975,973,977,3
,,,,,,,,,,,,,,,,
1004,999,1002,985,983,978,980,976,982,978,995,983,988,985,984,984,3
,,,,,,,,,,,,,,,,
995,989,997,997,989,993,987,991,998,986,985,984,982,970,969,971,3
,,,,,,,,,,,,,,,,
1013,1015,1008,1004,995,993,993,987,979,974,969,967,963,970,969,973,3
,,,,,,,,,,,,,,,,
1013,998,993,992,980,981,979,977,981,982,979,981,982,984,989,981,3
,,,,,,,,,,,,,,,,
995,990,987,989,986,991,984,988,989,990,980,984,979,977,972,969,3
,,,,,,,,,,,,,,,,
1013,1011,1006,1004,1001,997,993,986,983,980,974,967,969,972,968,966,3
,,,,,,,,,,,,,,,,
1017,1007,994,992,983,984,977,971,978,977,972,981,983,979,984,982,3
,,,,,,,,,,,,,,,,
1003,994,983,990,988,986,990,993,988,984,992,987,979,979,979,972,3
,,,,,,,,,,,,,,,,
1004,1004,1005,995,1003,997,987,989,987,979,976,970,966,963,968,957,3
,,,,,,,,,,,,,,,,
1015,1004,1000,990,990,982,970,973,973,970,970,973,972,977,978,977,3
,,,,,,,,,,,,,,,,
1004,993,990,983,985,985,985,988,979,979,985,983,985,975,977,977,3
,,,,,,,,,,,,,,,,
998,1004,1001,997,1001,997,987,990,982,983,973,971,961,957,962,961,3
,,,,,,,,,,,,,,,,
1012,1012,998,1002,990,985,976,971,969,968,965,968,967,967,970,975,3
,,,,,,,,,,,,,,,,
1003,998,987,979,977,977,985,977,973,980,981,983,980,973,976,971,3
,,,,,,,,,,,,,,,,
998,998,1003,1000,997,990,995,988,989,987,986,981,977,963,965,968,3
,,,,,,,,,,,,,,,,
1023,1014,1006,1010,995,998,990,985,979,975,977,970,975,976,975,979,3
,,,,,,,,,,,,,,,,
1000,991,990,986,978,982,981,984,976,982,979,988,987,984,982,981,3
,,,,,,,,,,,,,,,,
1000,996,997,997,988,998,993,998,996,991,988,982,981,974,971,966,3
,,,,,,,,,,,,,,,,
1012,1014,1008,1002,1000,999,988,988,980,976,968,973,971,973,971,974,3
,,,,,,,,,,,,,,,,
1015,1009,991,994,986,993,984,981,978,979,986,985,981,986,986,986,3
,,,,,,,,,,,,,,,,
999,995,995,995,990,993,987,991,989,988,987,986,984,984,974,972,3
,,,,,,,,,,,,,,,,
1017,1006,1008,999,1005,995,995,986,986,977,980,975,967,974,974,976,3
,,,,,,,,,,,,,,,,
1013,1007,998,993,988,981,973,975,969,974,981,981,979,983,982,983,3
,,,,,,,,,,,,,,,,
1001,993,992,988,993,986,986,989,991,991,989,985,983,980,971,972,3
,,,,,,,,,,,,,,,,
1012,1010,1007,1002,998,996,997,991,983,979,971,976,972,968,964,970,3
,,,,,,,,,,,,,,,,
1016,1002,1000,986,988,983,979,979,978,975,977,975,979,971,979,974,3
,,,,,,,,,,,,,,,,
1002,1001,991,994,991,991,986,982,989,994,988,989,982,986,984,974,3
,,,,,,,,,,,,,,,,
1009,998,1004,1005,999,1000,991,991,986,984,974,975,971,971,965,969,3
,,,,,,,,,,,,,,,,
1012,1015,1003,999,993,987,983,976,978,976,975,979,982,982,981,985,3
,,,,,,,,,,,,,,,,
1001,991,988,986,987,979,986,977,982,979,981,981,986,987,981,981,3
,,,,,,,,,,,,,,,,
1009,996,1003,995,1001,999,997,995,987,986,977,978,969,975,967,968,3
,,,,,,,,,,,,,,,,
1016,1016,1010,1001,1001,990,987,985,976,977,973,973,978,975,981,977,3
,,,,,,,,,,,,,,,,
1004,1008,986,985,981,982,983,985,978,974,985,979,984,986,976,983,3
,,,,,,,,,,,,,,,,
1003,998,996,996,997,989,994,995,991,991,991,983,971,974,970,962,3
,,,,,,,,,,,,,,,,
1018,1012,1009,998,997,988,989,983,974,975,971,975,971,973,966,979,3
,,,,,,,,,,,,,,,,
1008,1000,990,989,988,975,979,981,978,974,986,978,984,984,981,977,3
,,,,,,,,,,,,,,,,
1004,996,990,992,996,991,996,989,990,989,987,987,979,970,971,972,3
,,,,,,,,,,,,,,,,
1015,1011,1003,1004,998,995,994,990,985,984,974,973,968,970,975,971,3
,,,,,,,,,,,,,,,,
1011,1005,1000,992,990,982,982,980,980,977,981,977,977,982,986,980,3
,,,,,,,,,,,,,,,,
1004,993,996,993,993,994,994,986,986,996,983,988,989,975,977,968,3
,,,,,,,,,,,,,,,,
1007,1002,1007,1005,998,990,995,987,976,971,973,973,967,963,964,965,3
,,,,,,,,,,,,,,,,
1016,1012,1003,1000,987,979,985,977,972,976,971,978,982,980,983,985,3
,,,,,,,,,,,,,,,,
1000,994,984,988,985,983,985,990,985,986,982,985,981,977,976,967,3
,,,,,,,,,,,,,,,,
1008,1005,1003,1003,1000,1001,999,988,990,982,978,977,972,977,971,968,3
,,,,,,,,,,,,,,,,
1012,1005,1001,994,988,988,974,975,971,971,972,966,970,976,978,971,3
,,,,,,,,,,,,,,,,
1008,992,992,986,984,977,983,978,980,982,980,987,985,984,981,977,3
,,,,,,,,,,,,,,,,
1001,998,999,989,999,993,990,988,985,984,971,971,962,965,960,962,3
,,,,,,,,,,,,,,,,
1020,1011,1008,1003,996,991,981,985,983,978,973,977,976,972,977,984,3
,,,,,,,,,,,,,,,,
1004,995,986,980,982,974,982,975,981,981,976,981,983,993,981,979,3
,,,,,,,,,,,,,,,,
997,1000,994,1000,996,995,995,986,990,988,986,983,978,973,969,971,3
,,,,,,,,,,,,,,,,
1011,1008,1011,1003,991,992,989,984,977,975,970,975,969,974,972,969,3
,,,,,,,,,,,,,,,,
1007,999,990,988,986,980,985,980,980,980,978,980,985,981,982,982,3
,,,,,,,,,,,,,,,,
1002,997,999,993,995,994,993,991,998,982,984,980,980,979,971,970,3
,,,,,,,,,,,,,,,,
1012,1010,1006,1011,999,991,989,983,981,975,971,966,972,971,975,973,3
,,,,,,,,,,,,,,,,
1009,1004,999,985,989,978,982,975,980,973,978,980,980,976,986,977,3
,,,,,,,,,,,,,,,,
1001,997,993,992,992,986,995,992,993,989,987,978,979,979,978,973,3
,,,,,,,,,,,,,,,,
1015,1008,1004,995,1000,992,993,978,985,977,974,976,970,972,968,969,3
,,,,,,,,,,,,,,,,
1015,1004,1001,995,990,986,984,974,978,975,980,977,980,975,982,978,3
,,,,,,,,,,,,,,,,
996,1005,995,985,986,990,984,987,990,990,987,980,984,983,981,976,3
,,,,,,,,,,,,,,,,
1009,1010,1004,998,998,996,993,992,982,980,973,976,967,975,965,971,3
,,,,,,,,,,,,,,,,
1010,1007,998,997,989,988,984,978,974,973,975,980,977,980,986,975,3
,,,,,,,,,,,,,,,,
995,999,991,982,986,987,989,984,985,988,985,984,978,981,981,977,3
,,,,,,,,,,,,,,,,
1009,1012,996,1001,1000,990,997,993,990,978,983,977,975,974,970,961,3
,,,,,,,,,,,,,,,,
1016,1013,1003,1001,995,989,981,980,978,976,972,974,975,979,973,977,3
,,,,,,,,,,,,,,,,
999,996,990,981,984,984,985,983,977,983,984,988,989,977,980,979,3
,,,,,,,,,,,,,,,,
997,1000,997,1000,991,994,986,994,987,988,976,978,976,975,970,966,3
,,,,,,,,,,,,,,,,
1021,1010,1000,1003,999,990,989,979,975,984,972,968,973,976,975,980,3
,,,,,,,,,,,,,,,,
1008,998,991,991,978,982,983,982,979,983,980,984,987,985,987,981,3
,,,,,,,,,,,,,,,,
1002,999,992,995,996,996,996,989,988,987,987,981,975,973,967,963,3
,,,,,,,,,,,,,,,,
1022,1008,1008,1004,1000,988,993,982,979,976,973,976,973,974,976,979,3
,,,,,,,,,,,,,,,,
1007,999,989,987,981,984,979,978,977,978,980,985,983,985,984,985,3
,,,,,,,,,,,,,,,,
1000,999,991,993,993,986,992,993,995,993,989,981,980,980,973,967,3
,,,,,,,,,,,,,,,,
1005,1010,1010,1006,994,999,990,984,980,980,976,973,971,974,972,973,3
,,,,,,,,,,,,,,,,
1008,1003,998,993,987,980,983,983,977,973,981,986,982,983,986,981,3
,,,,,,,,,,,,,,,,
999,997,997,990,993,995,993,995,991,989,988,985,978,981,976,975,3
,,,,,,,,,,,,,,,,
1012,1011,1008,1006,1000,997,992,986,982,983,976,968,971,972,972,976,3
,,,,,,,,,,,,,,,,
1007,1009,1001,991,987,981,981,975,971,974,972,973,979,979,985,984,3
,,,,,,,,,,,,,,,,
1003,995,990,989,982,982,992,985,991,988,988,992,984,976,978,973,3
,,,,,,,,,,,,,,,,
1013,1007,1005,1005,1002,997,992,992,985,978,978,970,972,964,970,968,3
,,,,,,,,,,,,,,,,
1016,1013,1001,997,989,983,982,972,976,979,973,977,973,980,982,984,3
,,,,,,,,,,,,,,,,
999,998,994,988,983,988,979,986,987,985,985,990,987,988,980,978,3
,,,,,,,,,,,,,,,,
1011,1005,1005,1003,992,997,988,990,987,986,978,977,967,970,969,969,3
,,,,,,,,,,,,,,,,
1012,1012,999,996,990,992,979,978,976,975,972,968,974,978,975,985,3
,,,,,,,,,,,,,,,,
1003,998,986,990,983,983,983,984,987,987,987,984,991,986,977,981,3
,,,,,,,,,,,,,,,,
1000,1004,997,994,1003,996,995,998,990,985,987,973,976,969,968,966,3
,,,,,,,,,,,,,,,,
1015,1011,1005,995,995,989,979,983,976,977,977,971,978,968,980,977,3
,,,,,,,,,,,,,,,,
1000,1000,992,987,988,986,981,980,982,986,987,990,990,981,983,986,3
,,,,,,,,,,,,,,,,
1001,1003,998,1000,995,1000,994,994,988,998,986,981,977,972,971,969,3
,,,,,,,,,,,,,,,,
1011,1014,1006,1005,995,993,987,984,978,974,974,965,973,975,972,977,3
,,,,,,,,,,,,,,,,
1007,997,994,991,984,977,979,980,986,978,982,981,985,980,980,979,3
,,,,,,,,,,,,,,,,
1001,1004,1002,999,996,1001,999,996,994,989,993,980,986,984,973,981,3
,,,,,,,,,,,,,,,,
1012,1013,1007,1003,1001,995,990,982,981,979,974,972,970,969,969,976,3
,,,,,,,,,,,,,,,,
1013,997,997,990,981,983,973,977,973,979,979,979,982,978,986,987,3
,,,,,,,,,,,,,,,,
1004,997,997,998,994,992,991,994,986,987,993,982,982,977,975,969,3
,,,,,,,,,,,,,,,,
1012,1005,1005,998,995,996,989,981,983,973,969,964,959,966,970,962,3
,,,,,,,,,,,,,,,,
1012,1008,1001,990,994,985,983,985,981,975,981,984,979,988,986,989,3
,,,,,,,,,,,,,,,,
998,989,989,987,986,992,989,994,987,987,987,985,980,979,977,974,3
,,,,,,,,,,,,,,,,
1010,1007,1003,1002,1000,992,993,991,984,983,970,980,977,966,980,967,3
,,,,,,,,,,,,,,,,
1012,1007,998,993,987,985,980,982,977,978,971,978,977,974,981,982,3
,,,,,,,,,,,,,,,,
1004,998,992,990,990,990,983,984,985,988,982,988,985,982,983,981,3
,,,,,,,,,,,,,,,,
1008,998,999,999,999,989,993,993,987,985,972,968,971,961,965,967,3
,,,,,,,,,,,,,,,,
1020,1009,1003,998,992,984,974,976,969,973,973,979,975,977,979,980,3
,,,,,,,,,,,,,,,,
1003,1001,988,990,987,987,977,984,980,988,985,985,988,982,979,970,3
,,,,,,,,,,,,,,,,
1007,1002,998,1001,998,994,996,993,986,985,976,974,968,969,960,967,3
,,,,,,,,,,,,,,,,
1019,1014,1003,993,992,981,983,978,977,976,970,974,966,974,977,978,3
,,,,,,,,,,,,,,,,
1004,993,991,988,989,978,984,986,980,978,986,984,990,978,982,981,3
,,,,,,,,,,,,,,,,
1003,1002,997,991,998,996,997,997,990,982,985,980,972,967,969,965,3
,,,,,,,,,,,,,,,,
1018,1017,1008,997,996,991,986,974,975,974,969,974,975,977,973,977,3
,,,,,,,,,,,,,,,,
1004,999,994,991,984,981,982,983,985,975,979,984,978,987,984,984,3
,,,,,,,,,,,,,,,,
997,997,995,995,999,994,993,996,989,991,988,983,976,979,965,969,3
,,,,,,,,,,,,,,,,
1017,1015,1011,1006,997,991,990,983,973,981,973,970,970,971,968,969,3
,,,,,,,,,,,,,,,,
1010,1004,995,986,988,980,973,978,976,982,983,981,987,986,985,985,3
,,,,,,,,,,,,,,,,
1000,997,993,990,987,985,991,989,984,984,992,979,983,978,975,970,3
,,,,,,,,,,,,,,,,
1014,1005,1005,1003,996,995,993,990,982,976,969,975,973,973,966,971,3
,,,,,,,,,,,,,,,,
1015,1004,995,990,981,983,983,981,975,975,972,978,981,984,975,978,3
,,,,,,,,,,,,,,,,
1005,995,991,989,985,988,986,992,987,992,990,988,983,981,978,974,3
,,,,,,,,,,,,,,,,
1011,1002,1002,998,999,997,996,988,987,977,977,979,969,971,973,971,3
,,,,,,,,,,,,,,,,
1012,1009,1002,995,984,982,982,981,975,980,974,970,981,979,982,983,3
,,,,,,,,,,,,,,,,
1001,1001,996,983,988,989,986,987,989,989,990,977,986,977,978,978,3
,,,,,,,,,,,,,,,,
1006,1002,997,1002,1000,997,995,994,988,982,980,978,974,969,972,963,3
,,,,,,,,,,,,,,,,
1013,1011,1003,1001,992,987,981,974,973,971,971,974,975,981,978,982,3
,,,,,,,,,,,,,,,,
1002,1000,991,982,989,984,985,984,980,988,986,981,988,989,984,980,3
,,,,,,,,,,,,,,,,
1005,995,1003,999,1000,1000,993,991,989,982,982,975,974,972,966,971,3
,,,,,,,,,,,,,,,,
1017,1008,1006,1000,987,993,986,983,978,972,968,973,972,977,976,983,3
,,,,,,,,,,,,,,,,
1010,992,991,992,988,988,985,985,983,985,986,982,987,980,981,986,3
,,,,,,,,,,,,,,,,
1004,1004,999,990,998,995,998,994,991,985,985,984,975,973,970,968,3
,,,,,,,,,,,,,,,,
1019,1006,1011,1000,995,991,985,985,979,978,974,968,973,975,975,977,3
,,,,,,,,,,,,,,,,
1011,1005,993,985,987,982,983,984,985,983,984,980,986,984,985,987,3
,,,,,,,,,,,,,,,,
1001,997,997,995,996,990,999,994,991,989,986,984,984,979,973,972,3
,,,,,,,,,,,,,,,,
1014,1011,1003,1003,1003,989,984,982,982,980,980,969,975,972,972,980,3
,,,,,,,,,,,,,,,,
1012,1002,995,988,986,977,981,974,984,982,977,988,985,988,987,984,3
,,,,,,,,,,,,,,,,
1000,997,994,992,994,992,997,993,992,992,992,991,985,984,978,974,3
,,,,,,,,,,,,,,,,
1007,1010,1003,1002,997,1006,991,989,983,979,980,970,975,970,972,975,3
,,,,,,,,,,,,,,,,
1017,1006,1003,988,989,982,981,971,980,980,983,979,976,977,984,984,3
,,,,,,,,,,,,,,,,
997,998,993,986,993,988,984,983,994,988,985,994,987,983,976,978,3
,,,,,,,,,,,,,,,,
1012,1006,1004,1001,1001,1001,996,991,991,982,979,986,977,965,971,970,3
,,,,,,,,,,,,,,,,
1018,1008,996,1000,989,982,981,973,977,971,977,977,973,981,981,985,3
,,,,,,,,,,,,,,,,
1007,997,991,983,988,987,984,991,985,982,987,993,991,988,979,978,3
,,,,,,,,,,,,,,,,
1011,996,1003,996,1003,998,997,989,988,983,981,980,978,974,974,964,3
,,,,,,,,,,,,,,,,
1019,1011,1009,998,996,992,982,980,975,967,973,976,976,975,976,975,3
,,,,,,,,,,,,,,,,
997,1000,996,990,988,984,978,987,989,991,989,992,990,989,983,980,3
,,,,,,,,,,,,,,,,
1004,1006,1000,995,997,993,995,991,990,984,989,977,978,974,972,971,3
,,,,,,,,,,,,,,,,
1020,1016,1004,1001,994,990,985,979,980,973,970,969,975,971,969,981,3
,,,,,,,,,,,,,,,,
1006,992,995,986,982,985,984,982,978,985,985,986,986,987,990,984,3
,,,,,,,,,,,,,,,,
1005,993,992,999,997,997,995,990,992,985,986,983,975,976,972,964,3
,,,,,,,,,,,,,,,,
1011,1012,1005,998,1000,996,992,984,983,980,978,971,978,976,976,976,3
,,,,,,,,,,,,,,,,
1011,1000,993,984,986,977,981,976,986,983,978,987,990,988,983,983,3
,,,,,,,,,,,,,,,,
1006,993,996,992,988,989,989,993,990,990,983,985,975,973,969,971,3
,,,,,,,,,,,,,,,,
1013,1010,1006,1002,996,999,990,982,978,978,973,970,975,975,972,977,3
,,,,,,,,,,,,,,,,
1012,1004,998,989,985,986,973,979,980,980,986,980,987,983,987,981,3
,,,,,,,,,,,,,,,,
1000,995,994,991,994,992,995,994,986,994,989,988,983,979,980,974,3
,,,,,,,,,,,,,,,,
1008,1012,1005,999,1001,991,995,991,978,982,979,976,973,973,971,971,3
,,,,,,,,,,,,,,,,
1012,999,998,992,983,979,985,977,982,975,981,980,986,983,984,987,3
,,,,,,,,,,,,,,,,
1000,996,992,992,988,983,988,989,991,990,993,992,989,987,984,971,3
,,,,,,,,,,,,,,,,
1011,1006,998,1005,995,996,992,992,990,986,972,971,973,970,971,966,3
,,,,,,,,,,,,,,,,
1019,1007,1002,999,992,985,976,981,973,977,970,981,983,973,976,978,3
,,,,,,,,,,,,,,,,
997,998,988,990,983,991,989,984,992,983,992,992,988,981,979,980,3
,,,,,,,,,,,,,,,,
1004,1006,1004,995,1000,999,992,991,988,989,975,973,978,976,971,970,3
,,,,,,,,,,,,,,,,
1016,1009,997,1001,990,987,983,975,979,973,978,976,974,973,980,983,3
,,,,,,,,,,,,,,,,
1002,1001,992,980,986,987,986,984,981,988,989,991,988,980,979,981,3
,,,,,,,,,,,,,,,,
999,1001,1003,998,1000,992,997,992,994,982,985,982,969,973,972,969,3
,,,,,,,,,,,,,,,,
1019,1012,1005,999,996,983,983,977,978,985,979,976,971,975,977,982,3
,,,,,,,,,,,,,,,,
1007,995,995,980,979,978,983,987,986,987,985,987,985,987,980,994,3
,,,,,,,,,,,,,,,,
1003,1003,995,1000,989,994,999,987,992,984,977,979,971,974,970,970,3
,,,,,,,,,,,,,,,,
1016,1012,1003,1002,997,989,989,979,973,975,972,974,974,976,978,977,3
,,,,,,,,,,,,,,,,
1007,997,989,989,986,979,984,984,985,988,982,988,981,988,987,982,3
,,,,,,,,,,,,,,,,
1001,991,995,989,994,995,994,995,986,986,985,986,976,973,969,965,3
,,,,,,,,,,,,,,,,
1017,1012,1009,1007,999,993,986,977,980,976,971,970,970,976,969,970,3
,,,,,,,,,,,,,,,,
1008,1001,992,993,985,984,981,978,982,983,987,985,982,984,977,978,3
,,,,,,,,,,,,,,,,
1003,994,996,994,991,991,990,993,987,990,987,987,982,976,977,976,3
,,,,,,,,,,,,,,,,
1013,1006,1012,1005,996,996,993,980,982,978,977,972,963,964,970,973,3
,,,,,,,,,,,,,,,,
1019,1007,995,991,986,976,980,974,977,978,980,985,975,982,982,980,3
,,,,,,,,,,,,,,,,
1000,995,989,982,988,984,994,991,990,990,993,979,983,982,977,972,3
,,,,,,,,,,,,,,,,
1011,1008,1006,1003,1002,999,994,988,981,980,976,977,973,971,975,971,3
,,,,,,,,,,,,,,,,
1011,1007,999,993,984,980,979,977,974,978,974,978,974,985,983,987,3
,,,,,,,,,,,,,,,,
996,1000,994,990,987,983,989,991,988,990,991,981,987,987,974,979,3
,,,,,,,,,,,,,,,,
1008,1007,1006,1002,995,995,995,990,984,977,977,977,965,973,967,965,3
,,,,,,,,,,,,,,,,
1012,1008,1003,996,986,982,975,972,974,971,970,976,982,982,977,986,3
,,,,,,,,,,,,,,,,
1005,998,994,988,986,985,981,986,992,987,983,988,983,980,982,981,3
,,,,,,,,,,,,,,,,
1008,1007,996,1002,993,997,994,994,991,981,977,978,975,970,969,964,3
,,,,,,,,,,,,,,,,
1017,1012,1007,1001,992,989,983,983,969,975,972,970,973,978,973,978,3
,,,,,,,,,,,,,,,,
1005,998,990,986,986,983,983,976,988,982,990,981,984,985,982,979,3
,,,,,,,,,,,,,,,,
1001,1002,995,992,998,997,996,991,991,985,984,971,976,970,968,973,3
,,,,,,,,,,,,,,,,
1010,1007,1009,995,1002,992,987,981,969,973,965,971,965,968,974,975,3
,,,,,,,,,,,,,,,,
1002,998,990,983,981,982,976,981,978,982,979,989,987,986,980,983,3
,,,,,,,,,,,,,,,,
1000,998,993,996,994,989,992,988,990,988,989,981,970,969,973,970,3
,,,,,,,,,,,,,,,,
1019,1013,1007,1004,992,993,990,983,983,971,975,973,973,975,973,981,3
,,,,,,,,,,,,,,,,
1011,1013,998,991,981,986,981,976,982,982,986,984,986,985,979,987,3
,,,,,,,,,,,,,,,,
1003,993,999,988,991,993,988,991,988,984,988,988,980,980,970,966,3
,,,,,,,,,,,,,,,,
1008,1011,1007,1008,1001,996,994,983,981,979,970,973,976,978,970,976,3
,,,,,,,,,,,,,,,,
1016,1002,1000,993,987,978,980,979,975,982,983,985,986,978,989,989,3
,,,,,,,,,,,,,,,,
1002,1006,992,992,987,995,994,988,994,991,991,983,980,983,976,973,3
,,,,,,,,,,,,,,,,
1011,1009,1010,1007,998,997,994,988,982,974,976,970,975,972,970,974,3
,,,,,,,,,,,,,,,,
1019,1010,1004,994,991,993,985,984,980,983,980,980,984,989,988,992,3
,,,,,,,,,,,,,,,,
0,0,0,0,1,0,0,0,0,0,0,0,0,947,953,963,3
,,,,,,,,,,,,,,,,
1012,1007,998,1002,994,1000,990,988,988,984,975,974,977,972,973,978,3
,,,,,,,,,,,,,,,,
1012,1004,994,992,983,982,979,981,973,968,975,970,980,978,982,986,3
,,,,,,,,,,,,,,,,
1003,993,993,989,986,981,990,987,987,993,994,991,988,983,983,972,3
,,,,,,,,,,,,,,,,
1007,1005,1008,997,1004,1001,992,992,990,986,982,973,969,969,965,963,3
,,,,,,,,,,,,,,,,
1020,1014,1008,999,998,988,982,979,980,978,973,978,983,982,984,984,3
,,,,,,,,,,,,,,,,
1009,998,997,986,992,989,991,994,990,992,996,991,991,991,986,980,3
,,,,,,,,,,,,,,,,
1010,1002,1002,1002,994,999,996,998,997,989,990,983,979,974,976,974,3
,,,,,,,,,,,,,,,,
1016,1007,1008,1006,997,992,982,982,980,980,980,972,979,980,981,982,3
,,,,,,,,,,,,,,,,
1006,1000,991,985,988,984,982,987,984,984,989,987,992,983,980,983,3
,,,,,,,,,,,,,,,,
997,1000,999,991,991,994,993,994,986,988,982,981,971,977,966,966,3
,,,,,,,,,,,,,,,,
1012,1006,1008,1002,996,992,984,982,982,978,973,971,971,968,969,976,3
,,,,,,,,,,,,,,,,
1007,999,989,992,982,980,982,977,979,980,980,984,982,983,983,981,3
,,,,,,,,,,,,,,,,
1003,1000,997,994,992,994,990,993,990,991,989,988,972,979,977,969,3
,,,,,,,,,,,,,,,,
1018,1013,1010,1002,997,998,985,984,979,983,975,973,968,969,965,974,3
,,,,,,,,,,,,,,,,
1006,1007,996,994,982,981,972,975,970,977,981,982,976,980,985,986,3
,,,,,,,,,,,,,,,,
1003,995,989,992,989,985,988,985,989,987,989,985,975,980,973,971,3
,,,,,,,,,,,,,,,,
1011,1005,1006,1006,996,995,991,987,978,980,974,973,971,968,967,967,3
,,,,,,,,,,,,,,,,
1017,1009,1000,992,983,981,991,971,974,967,975,977,988,981,978,984,3
,,,,,,,,,,,,,,,,
1001,994,996,990,988,989,983,989,984,993,989,987,984,984,979,980,3
,,,,,,,,,,,,,,,,
1010,1003,1003,991,1000,996,996,986,985,977,978,977,968,978,969,970,3
,,,,,,,,,,,,,,,,
1010,1008,1006,998,993,985,985,983,980,979,970,977,983,983,975,985,3
,,,,,,,,,,,,,,,,
1004,996,991,991,989,983,986,988,986,993,985,988,992,987,981,978,3
,,,,,,,,,,,,,,,,
1006,1009,1003,1004,998,992,996,993,986,987,983,977,973,978,970,966,3
,,,,,,,,,,,,,,,,
1016,1018,1004,996,993,989,981,979,978,975,978,979,976,978,983,983,3
,,,,,,,,,,,,,,,,
1005,990,994,988,987,988,981,986,991,987,987,990,988,995,981,983,3
,,,,,,,,,,,,,,,,
1006,1001,1000,1003,996,999,999,989,988,989,981,984,981,970,972,971,3
,,,,,,,,,,,,,,,,
1010,1011,1007,1004,995,985,985,985,979,977,975,971,972,976,981,978,3
,,,,,,,,,,,,,,,,
1003,991,991,982,986,979,978,983,980,983,985,984,987,988,979,983,3
,,,,,,,,,,,,,,,,
998,1005,1000,996,997,988,987,994,986,989,987,985,974,979,973,968,3
,,,,,,,,,,,,,,,,
1015,1011,1001,1007,1000,997,989,986,982,971,976,973,969,978,974,979,3
,,,,,,,,,,,,,,,,
1005,1000,990,989,984,984,983,982,982,978,986,991,985,984,988,988,3
,,,,,,,,,,,,,,,,
996,991,988,999,989,994,995,998,994,996,989,983,986,982,980,974,3
,,,,,,,,,,,,,,,,
1015,1003,1012,1008,998,989,990,985,987,973,979,971,975,976,974,978,3
,,,,,,,,,,,,,,,,
1012,1007,993,990,989,984,982,978,981,980,979,986,982,991,986,989,3
,,,,,,,,,,,,,,,,
998,994,992,995,986,990,996,985,996,996,991,991,985,984,984,978,3
,,,,,,,,,,,,,,,,
1012,1005,1010,1008,1004,1007,991,982,986,976,978,981,976,969,972,972,3
,,,,,,,,,,,,,,,,
1018,1005,995,994,983,984,980,974,981,975,981,983,985,983,982,987,3
,,,,,,,,,,,,,,,,
995,996,989,990,994,991,985,990,989,994,990,994,987,978,978,980,3
,,,,,,,,,,,,,,,,
1010,1007,1000,998,1001,999,998,992,981,985,979,981,978,973,973,973,3
,,,,,,,,,,,,,,,,
1017,1010,1007,1000,991,989,981,974,975,978,982,980,980,983,979,989,3
,,,,,,,,,,,,,,,,
1004,998,995,999,988,987,985,983,991,989,988,988,983,979,981,979,3
,,,,,,,,,,,,,,,,
1004,1004,1003,999,1000,997,997,993,983,984,984,971,978,977,971,970,3
,,,,,,,,,,,,,,,,
1017,1011,1006,998,993,983,984,979,981,975,973,976,983,971,978,981,3
,,,,,,,,,,,,,,,,
1003,999,994,992,981,979,984,990,992,988,991,988,986,985,990,978,3
,,,,,,,,,,,,,,,,
1006,1005,1003,998,1001,1000,988,993,986,988,989,978,980,975,976,973,3
,,,,,,,,,,,,,,,,
1012,1009,1000,997,996,986,982,982,980,976,979,976,975,977,973,976,3
,,,,,,,,,,,,,,,,
1002,1002,993,990,987,980,985,988,984,982,987,992,998,987,985,987,3
,,,,,,,,,,,,,,,,
1004,996,997,999,997,999,995,989,992,982,990,979,980,974,970,977,3
,,,,,,,,,,,,,,,,
1014,1010,1008,1000,996,986,985,983,978,980,978,975,971,970,969,978,3
,,,,,,,,,,,,,,,,
1002,1003,992,989,983,977,983,985,985,981,986,986,988,987,988,980,3
,,,,,,,,,,,,,,,,
1002,1000,996,993,997,990,994,993,990,990,984,985,985,983,970,971,3
,,,,,,,,,,,,,,,,
1015,1013,1008,1007,998,994,990,989,981,971,975,969,968,969,977,975,3
,,,,,,,,,,,,,,,,
1007,1005,993,990,988,988,984,984,980,978,984,983,986,987,984,985,3
,,,,,,,,,,,,,,,,
1001,998,994,994,995,995,992,993,995,993,986,987,990,979,976,980,3
,,,,,,,,,,,,,,,,
1017,1009,1010,999,999,999,994,995,985,983,982,978,972,975,977,973,3
,,,,,,,,,,,,,,,,
1015,1008,1001,994,983,986,981,980,978,979,981,986,984,984,987,982,3
,,,,,,,,,,,,,,,,
995,995,995,985,987,982,989,985,988,989,989,986,978,985,979,977,3
,,,,,,,,,,,,,,,,
1010,1011,1000,1005,993,1000,993,988,988,985,979,968,973,972,973,967,3
,,,,,,,,,,,,,,,,
1017,1008,1003,991,991,989,981,984,978,979,977,978,980,984,980,984,3
,,,,,,,,,,,,,,,,
1002,998,997,991,986,981,987,986,989,985,995,990,987,987,983,981,3
,,,,,,,,,,,,,,,,
1008,1007,1004,999,1000,1001,993,992,990,985,980,978,975,973,977,972,3
,,,,,,,,,,,,,,,,
1016,1014,1009,1001,995,989,984,983,973,977,971,972,982,980,986,979,3
,,,,,,,,,,,,,,,,
1004,997,992,989,989,987,985,981,987,989,992,988,987,987,985,983,3
,,,,,,,,,,,,,,,,
1005,1005,1000,1004,1000,998,997,991,991,988,985,979,976,977,976,971,3
,,,,,,,,,,,,,,,,
1017,1016,1002,1002,997,992,986,987,979,973,979,977,974,973,978,981,3
,,,,,,,,,,,,,,,,
1009,1004,989,989,983,985,984,987,984,988,980,988,989,987,989,989,3
,,,,,,,,,,,,,,,,
1002,994,999,998,996,996,999,995,986,993,989,985,975,980,976,972,3
,,,,,,,,,,,,,,,,
1013,1012,1013,998,998,987,989,985,975,973,982,973,978,979,978,984,3
,,,,,,,,,,,,,,,,
1006,1001,993,991,989,988,982,984,981,984,980,983,988,987,982,985,3
,,,,,,,,,,,,,,,,
1005,993,997,995,998,997,997,995,993,990,991,988,985,974,976,977,3
,,,,,,,,,,,,,,,,
1015,1014,1007,1003,999,995,992,983,980,978,971,969,974,975,979,975,3
,,,,,,,,,,,,,,,,
1014,1004,996,991,988,986,982,981,980,981,983,984,989,988,985,984,3
,,,,,,,,,,,,,,,,
1000,999,986,993,995,987,985,993,991,993,989,988,984,985,976,975,3
,,,,,,,,,,,,,,,,
1016,1008,1011,1007,1002,1000,987,988,987,978,982,973,970,971,976,973,3
,,,,,,,,,,,,,,,,
1009,1006,992,987,987,983,983,983,977,979,978,978,986,984,984,985,3
,,,,,,,,,,,,,,,,
1001,994,986,991,984,991,985,994,989,994,994,994,985,984,982,975,3
,,,,,,,,,,,,,,,,
1009,1008,1004,999,1000,1003,996,992,986,984,976,974,969,977,972,974,3
,,,,,,,,,,,,,,,,
1014,1010,991,996,993,985,982,979,982,982,976,978,982,981,980,981,3
,,,,,,,,,,,,,,,,
1001,993,988,990,981,988,990,989,983,992,986,993,988,984,987,982,3
,,,,,,,,,,,,,,,,
1004,1004,1004,1003,1001,993,994,995,989,978,981,974,973,972,975,967,3
,,,,,,,,,,,,,,,,
1013,1011,998,993,994,988,986,974,973,978,978,972,971,979,980,984,3
,,,,,,,,,,,,,,,,
1004,998,995,987,989,983,989,990,986,987,989,988,993,988,986,985,3
,,,,,,,,,,,,,,,,
1007,1005,999,999,992,994,994,995,987,985,981,985,977,976,972,971,3
,,,,,,,,,,,,,,,,
1017,1009,1007,1001,989,989,980,979,981,978,976,974,974,978,978,981,3
,,,,,,,,,,,,,,,,
1008,994,995,987,986,983,983,979,985,986,988,992,993,990,984,985,3
,,,,,,,,,,,,,,,,
1007,1002,995,998,995,990,995,994,990,989,987,983,983,987,972,972,3
,,,,,,,,,,,,,,,,
1017,1005,1005,1005,997,995,990,984,980,979,975,975,977,974,976,973,3
,,,,,,,,,,,,,,,,
1010,996,998,989,987,983,984,981,982,983,984,983,983,985,991,986,3
,,,,,,,,,,,,,,,,
1004,997,993,990,995,995,997,991,992,995,989,977,986,972,975,965,3
,,,,,,,,,,,,,,,,
1016,1015,1002,1006,994,994,989,981,979,979,974,967,974,971,972,977,3
,,,,,,,,,,,,,,,,
1015,998,997,994,988,983,981,979,978,983,979,983,985,985,987,986,3
,,,,,,,,,,,,,,,,
1003,995,998,987,993,991,992,992,989,996,991,982,981,980,978,976,3
,,,,,,,,,,,,,,,,
1011,1013,999,1003,1002,995,988,984,985,979,972,975,975,972,975,971,3
,,,,,,,,,,,,,,,,
1019,1006,995,996,992,987,980,977,974,981,979,979,990,983,983,988,3
,,,,,,,,,,,,,,,,
1004,993,995,993,986,990,985,988,994,985,991,993,990,980,974,974,3
,,,,,,,,,,,,,,,,
1007,1008,1008,1003,1002,998,994,991,980,979,983,975,974,973,971,972,3
,,,,,,,,,,,,,,,,
1016,1004,1000,990,990,984,981,978,978,977,981,979,981,976,984,988,3
,,,,,,,,,,,,,,,,
1006,994,992,985,987,983,988,991,992,983,989,989,986,986,985,981,3
,,,,,,,,,,,,,,,,
1006,1003,1003,1008,997,999,997,994,990,979,978,977,973,974,969,966,3
,,,,,,,,,,,,,,,,
1015,1008,1002,996,987,985,986,973,975,977,977,981,979,982,977,979,3
,,,,,,,,,,,,,,,,
998,999,993,990,986,986,987,993,983,992,992,990,994,988,980,982,3
,,,,,,,,,,,,,,,,
1010,1004,1001,999,1002,994,992,987,992,987,984,981,977,975,974,968,3
,,,,,,,,,,,,,,,,
1014,1006,1008,1001,992,990,990,982,978,983,981,980,973,984,983,987,3
,,,,,,,,,,,,,,,,
1004,1002,991,987,983,982,984,983,982,980,988,987,989,986,984,977,3
,,,,,,,,,,,,,,,,
1004,997,998,999,993,998,999,991,989,988,984,987,974,972,974,966,3
,,,,,,,,,,,,,,,,
1019,1013,1010,1006,999,992,987,985,978,977,968,973,973,974,977,978,3
,,,,,,,,,,,,,,,,
1010,1003,992,989,987,977,981,984,983,983,980,990,990,989,984,988,3
,,,,,,,,,,,,,,,,
1004,1000,997,998,995,991,989,990,995,985,987,983,979,970,971,970,3
,,,,,,,,,,,,,,,,
1018,1009,1004,1005,994,994,991,979,981,972,976,974,973,969,972,978,3
,,,,,,,,,,,,,,,,
1007,1001,997,989,980,980,979,978,976,984,985,979,984,980,989,988,3
,,,,,,,,,,,,,,,,
1001,992,995,994,991,995,994,993,991,990,982,985,983,981,972,969,3
,,,,,,,,,,,,,,,,
1010,1010,1011,998,997,996,993,986,987,977,975,972,976,966,970,970,3
,,,,,,,,,,,,,,,,
1013,1009,1004,994,987,990,980,980,984,982,981,980,985,986,990,991,3
,,,,,,,,,,,,,,,,
1003,996,993,995,987,993,993,992,991,989,990,988,990,984,975,980,3
,,,,,,,,,,,,,,,,
1009,1010,1005,999,999,999,990,995,979,981,972,969,976,975,971,971,3
,,,,,,,,,,,,,,,,
1011,1001,999,998,987,982,974,974,976,980,980,980,977,978,983,988,3
,,,,,,,,,,,,,,,,
1003,990,990,990,983,988,982,987,991,985,989,987,984,981,979,977,3
,,,,,,,,,,,,,,,,
1010,1010,1004,1001,1000,997,995,985,987,979,977,976,971,968,966,969,3
,,,,,,,,,,,,,,,,
1016,1013,996,996,994,985,984,979,977,970,978,978,979,980,980,981,3
,,,,,,,,,,,,,,,,
997,995,984,986,990,981,983,985,986,988,992,987,987,987,980,983,3
,,,,,,,,,,,,,,,,
1005,1006,1002,1010,995,996,997,996,987,984,982,977,974,973,976,972,3
,,,,,,,,,,,,,,,,
1023,1011,1005,1002,992,989,981,979,976,977,975,971,980,979,984,976,3
,,,,,,,,,,,,,,,,
1002,991,994,991,983,983,983,983,984,992,983,988,991,991,978,977,3
,,,,,,,,,,,,,,,,
1000,1004,1001,1001,1002,996,997,994,994,988,985,972,978,966,966,970,3
,,,,,,,,,,,,,,,,
1023,1008,1012,999,996,992,980,977,977,975,985,975,975,977,978,979,3
,,,,,,,,,,,,,,,,
1003,1002,993,988,985,986,980,985,984,983,982,987,986,986,987,986,3
,,,,,,,,,,,,,,,,
1003,999,994,1001,991,995,998,995,997,986,984,980,977,966,970,973,3
,,,,,,,,,,,,,,,,
1017,1007,1008,1001,999,988,988,983,977,978,966,972,976,972,971,977,3
,,,,,,,,,,,,,,,,
1008,1000,994,989,987,984,980,985,983,985,984,981,979,987,986,988,3
,,,,,,,,,,,,,,,,
1003,998,996,996,999,991,995,988,992,989,990,990,985,977,975,970,3
,,,,,,,,,,,,,,,,
1012,1011,1009,1005,998,995,988,987,978,972,976,973,974,975,976,975,3
,,,,,,,,,,,,,,,,
1016,1004,996,991,980,982,986,982,976,977,980,983,988,985,990,986,3
,,,,,,,,,,,,,,,,
1001,999,994,993,996,987,993,990,998,993,987,982,981,978,979,977,3
,,,,,,,,,,,,,,,,
1016,1002,1006,1009,1000,1002,994,988,984,983,977,972,971,969,968,975,3
,,,,,,,,,,,,,,,,
1014,1007,996,991,981,984,984,983,980,974,979,982,982,986,990,982,3
,,,,,,,,,,,,,,,,
1000,998,996,990,986,984,985,987,992,990,989,989,982,988,978,982,3
,,,,,,,,,,,,,,,,
1012,1004,1007,1002,996,995,991,991,988,982,979,973,975,971,969,973,3
,,,,,,,,,,,,,,,,
1012,1010,1003,999,993,985,980,980,982,974,982,983,982,986,983,988,3
,,,,,,,,,,,,,,,,
1000,998,992,992,986,992,990,983,993,989,986,984,987,986,985,975,3
,,,,,,,,,,,,,,,,
1009,1000,1003,1001,1001,992,990,994,991,986,985,972,973,971,970,970,3
,,,,,,,,,,,,,,,,
1016,1010,997,1001,991,990,982,978,971,970,980,976,971,978,981,982,3
,,,,,,,,,,,,,,,,
1005,1001,987,989,989,981,986,981,988,983,992,981,982,984,982,983,3
,,,,,,,,,,,,,,,,
1005,1001,1000,999,998,995,997,992,995,992,977,982,978,977,975,967,3
,,,,,,,,,,,,,,,,
1014,1012,1011,1000,992,984,986,981,973,978,975,971,977,977,980,980,3
,,,,,,,,,,,,,,,,
1005,997,1002,988,987,986,988,984,989,984,988,984,992,988,990,982,3
,,,,,,,,,,,,,,,,
1008,994,1000,1003,997,993,996,993,994,988,983,976,980,978,970,974,3
,,,,,,,,,,,,,,,,
1018,1016,1007,1006,1000,993,991,980,981,974,972,977,977,972,976,971,3
,,,,,,,,,,,,,,,,
1008,1001,997,988,978,976,986,985,984,984,989,985,987,986,985,984,3
,,,,,,,,,,,,,,,,
997,997,999,995,995,988,991,993,992,989,989,982,978,978,973,968,3
,,,,,,,,,,,,,,,,
1010,1011,1006,1003,999,988,988,980,972,972,975,967,966,970,975,972,3
,,,,,,,,,,,,,,,,
1014,997,996,990,985,983,978,979,976,982,984,986,986,985,980,988,3
,,,,,,,,,,,,,,,,
1000,999,996,992,991,991,993,991,990,985,984,977,978,971,977,972,3
,,,,,,,,,,,,,,,,
1014,1010,1005,1007,993,997,990,982,980,980,967,967,969,967,973,974,3
,,,,,,,,,,,,,,,,
1009,997,997,987,986,975,984,972,972,983,982,983,984,977,985,981,3
,,,,,,,,,,,,,,,,
1004,993,994,993,994,985,992,992,991,994,987,984,976,976,979,970,3
,,,,,,,,,,,,,,,,
1010,1006,1008,998,998,995,992,984,980,980,973,971,966,973,965,967,3
,,,,,,,,,,,,,,,,
1014,1009,997,997,987,979,979,978,981,977,977,979,975,977,983,976,3
,,,,,,,,,,,,,,,,
997,998,987,990,989,987,992,992,982,984,983,987,984,975,974,974,3
,,,,,,,,,,,,,,,,
1009,1011,1001,1005,998,1000,994,982,984,979,976,973,974,969,968,963,3
,,,,,,,,,,,,,,,,
1017,1009,997,997,983,981,983,977,974,968,972,968,974,977,984,983,3
,,,,,,,,,,,,,,,,
1003,998,990,990,985,979,984,985,982,983,987,976,980,980,969,968,3
,,,,,,,,,,,,,,,,
1005,1004,1002,1002,1001,993,989,988,977,980,973,972,973,965,959,957,3
,,,,,,,,,,,,,,,,
1017,1004,1002,997,989,989,982,979,970,972,971,973,973,975,980,980,3
,,,,,,,,,,,,,,,,
1002,994,982,986,983,979,985,981,982,984,985,982,986,974,979,976,3
,,,,,,,,,,,,,,,,
1003,1004,1003,998,993,993,987,989,989,984,972,969,969,964,967,957,3
,,,,,,,,,,,,,,,,
1017,1009,1005,996,987,985,979,980,969,981,968,975,967,966,968,978,3
,,,,,,,,,,,,,,,,
1004,1000,989,986,983,984,980,983,975,982,983,990,980,982,983,976,3
,,,,,,,,,,,,,,,,
1001,999,998,1001,991,995,989,992,990,985,974,973,973,971,968,964,3
,,,,,,,,,,,,,,,,
1018,1015,1002,1000,997,992,982,980,976,973,973,968,973,969,976,976,3
,,,,,,,,,,,,,,,,
1009,999,993,982,987,973,978,974,979,985,981,985,976,982,975,982,3
,,,,,,,,,,,,,,,,
996,991,996,1000,995,992,989,988,985,985,978,981,970,966,968,965,3
,,,,,,,,,,,,,,,,
1018,1012,1010,998,997,986,987,984,979,971,971,972,973,970,964,971,3
,,,,,,,,,,,,,,,,
1002,1000,988,988,985,983,976,976,975,976,977,977,978,975,980,974,3
,,,,,,,,,,,,,,,,
1000,996,995,990,993,990,988,988,982,985,982,976,972,970,964,960,3
,,,,,,,,,,,,,,,,
1016,1003,1001,1002,997,988,985,977,967,965,963,961,958,954,962,961,3
,,,,,,,,,,,,,,,,
1013,1008,993,992,980,978,970,970,967,971,970,969,963,962,966,966,3
,,,,,,,,,,,,,,,,
954,946,943,943,938,934,932,934,926,927,923,923,915,902,900,897,3
,,,,,,,,,,,,,,,,
1023,1022,1016,1011,1010,997,992,991,985,977,969,965,956,952,954,954,3
,,,,,,,,,,,,,,,,
1012,1005,1003,990,986,982,978,976,974,976,973,971,975,979,979,976,3
,,,,,,,,,,,,,,,,
998,994,990,987,991,982,987,989,986,986,983,980,977,975,975,970,3
,,,,,,,,,,,,,,,,
1012,998,1004,998,994,995,990,981,982,978,971,960,960,964,954,961,3
,,,,,,,,,,,,,,,,
1018,1003,1000,996,981,982,978,977,969,976,971,972,971,967,978,980,3
,,,,,,,,,,,,,,,,
1000,996,987,983,983,976,979,982,982,986,981,980,980,974,971,969,3
,,,,,,,,,,,,,,,,
1011,1007,1006,998,996,994,993,987,981,974,970,970,963,957,961,956,3
,,,,,,,,,,,,,,,,
1012,1009,1000,997,980,974,971,969,968,971,965,966,965,969,967,973,3
,,,,,,,,,,,,,,,,
995,995,988,987,978,980,980,979,984,977,983,979,980,976,964,970,3
,,,,,,,,,,,,,,,,
1006,1004,1001,998,997,995,992,983,981,975,975,965,958,958,957,957,3
,,,,,,,,,,,,,,,,
1020,1005,1002,995,994,977,978,973,972,964,964,966,965,965,966,969,3
,,,,,,,,,,,,,,,,
1003,993,990,984,976,981,979,977,978,976,972,978,975,973,971,966,3
,,,,,,,,,,,,,,,,
1004,999,1001,993,994,993,989,986,986,981,975,967,968,954,956,955,3
,,,,,,,,,,,,,,,,
1016,1011,1002,993,990,981,978,973,965,970,962,963,963,964,964,966,3
,,,,,,,,,,,,,,,,
1003,999,984,983,981,976,970,979,975,977,979,976,973,976,976,965,3
,,,,,,,,,,,,,,,,
1001,998,996,987,987,983,981,983,981,977,975,969,965,955,956,946,3
,,,,,,,,,,,,,,,,
1015,1011,1007,996,986,986,983,971,960,958,960,958,955,958,964,957,3
,,,,,,,,,,,,,,,,
1003,992,991,983,982,978,967,971,970,972,975,977,977,974,973,972,3
,,,,,,,,,,,,,,,,
1001,995,988,994,995,992,984,985,985,979,977,969,959,955,953,950,3
,,,,,,,,,,,,,,,,
1018,1009,1007,1000,997,982,977,976,971,966,965,964,954,959,961,962,3
,,,,,,,,,,,,,,,,
1008,1001,993,985,983,974,969,973,967,978,971,966,972,972,968,973,3
,,,,,,,,,,,,,,,,
998,996,991,987,988,993,984,982,988,984,981,974,972,960,960,950,3
,,,,,,,,,,,,,,,,
1012,1009,1006,997,988,984,982,979,972,961,966,960,961,958,963,968,3
,,,,,,,,,,,,,,,,
1011,1000,984,980,975,973,969,967,967,973,969,964,969,970,964,972,3
,,,,,,,,,,,,,,,,
999,991,988,991,988,984,982,978,982,983,979,976,966,964,960,962,3
,,,,,,,,,,,,,,,,
1009,1004,1007,1002,1000,993,989,977,974,970,964,960,957,952,958,956,3
,,,,,,,,,,,,,,,,
1011,1001,996,992,974,974,971,969,967,966,970,965,972,973,972,972,3
,,,,,,,,,,,,,,,,
1001,997,987,991,989,988,991,989,993,981,983,983,987,975,973,969,3
,,,,,,,,,,,,,,,,
1013,1007,1009,1005,994,995,992,984,977,975,975,967,970,966,968,965,3
,,,,,,,,,,,,,,,,
1008,1007,993,988,988,979,979,970,976,970,974,978,983,978,976,983,3
,,,,,,,,,,,,,,,,
1001,996,986,984,987,986,986,983,986,991,979,978,977,972,975,973,3
,,,,,,,,,,,,,,,,
1012,1011,1003,995,1001,995,991,989,983,982,978,974,963,968,966,964,3
,,,,,,,,,,,,,,,,
1017,1001,1001,993,980,981,972,971,965,965,964,966,970,974,966,974,3
,,,,,,,,,,,,,,,,
1005,993,987,980,983,978,984,981,976,986,984,981,980,980,974,964,3
,,,,,,,,,,,,,,,,
1008,1002,999,1002,997,995,993,987,986,978,972,972,963,962,959,964,3
,,,,,,,,,,,,,,,,
1017,1013,999,995,991,986,978,974,969,969,964,965,968,974,975,977,3
,,,,,,,,,,,,,,,,
1003,1000,986,983,988,983,986,980,985,979,984,987,981,983,980,970,3
,,,,,,,,,,,,,,,,
999,1002,999,1000,996,993,990,993,985,984,980,968,968,970,959,959,3
,,,,,,,,,,,,,,,,
1013,1004,1000,994,991,985,978,977,966,970,963,972,962,965,965,970,3
,,,,,,,,,,,,,,,,
998,997,990,991,978,978,981,978,981,981,982,983,983,982,979,979,3
,,,,,,,,,,,,,,,,
1002,1002,997,1000,992,998,992,989,981,987,973,975,972,971,965,959,3
,,,,,,,,,,,,,,,,
1020,1014,1000,1000,994,985,983,980,966,967,968,961,960,961,965,972,3
,,,,,,,,,,,,,,,,
999,994,992,984,982,978,979,977,979,976,978,976,983,976,976,975,3
,,,,,,,,,,,,,,,,
999,1005,999,997,991,996,997,995,989,992,988,982,980,976,971,970,3
,,,,,,,,,,,,,,,,
1023,1023,1013,1023,1007,1001,999,990,986,983,981,982,978,984,983,986,3
,,,,,,,,,,,,,,,,
1023,1015,1018,1006,994,995,989,991,994,995,997,1000,992,996,990,997,3
,,,,,,,,,,,,,,,,
1002,1000,1005,1000,994,994,999,992,998,994,989,990,988,985,980,984,3
,,,,,,,,,,,,,,,,
1014,1006,1006,1003,1004,989,994,988,984,977,976,972,976,975,970,975,3
,,,,,,,,,,,,,,,,
1009,1002,997,985,989,990,977,980,987,981,980,986,985,982,981,979,3
,,,,,,,,,,,,,,,,
996,988,986,991,992,989,983,987,986,978,985,979,974,970,973,965,3
,,,,,,,,,,,,,,,,
1007,1010,997,999,994,995,988,984,978,975,974,972,962,961,967,968,3
,,,,,,,,,,,,,,,,
1000,996,992,986,979,975,966,965,968,967,969,967,969,970,967,966,3
,,,,,,,,,,,,,,,,
999,990,995,983,988,992,981,989,986,985,985,981,977,975,972,970,3
,,,,,,,,,,,,,,,,
1012,1010,1003,1003,999,993,991,988,985,975,965,969,964,963,962,966,3
,,,,,,,,,,,,,,,,
1017,1001,1002,995,990,982,975,975,966,968,975,970,972,972,977,974,3
,,,,,,,,,,,,,,,,
1005,998,988,980,985,985,982,980,981,987,980,978,975,967,968,965,3
,,,,,,,,,,,,,,,,
1009,1008,998,999,994,991,992,978,981,974,971,965,966,964,953,961,3
,,,,,,,,,,,,,,,,
1017,1009,1002,995,986,981,981,968,972,970,964,970,969,972,965,973,3
,,,,,,,,,,,,,,,,
1000,996,989,987,976,980,980,981,980,977,978,982,979,976,971,971,3
,,,,,,,,,,,,,,,,
1002,1002,997,993,996,996,994,990,986,976,974,968,969,965,962,961,3
,,,,,,,,,,,,,,,,
1016,1012,1001,992,986,985,972,972,970,973,963,961,967,970,975,976,3
,,,,,,,,,,,,,,,,
1003,991,992,985,977,981,980,981,977,984,974,981,981,980,974,971,3
,,,,,,,,,,,,,,,,
1004,999,997,996,988,988,994,988,989,974,974,975,970,959,959,959,3
,,,,,,,,,,,,,,,,
1020,1015,1006,998,993,988,982,976,975,973,960,963,962,967,968,969,3
,,,,,,,,,,,,,,,,
1004,997,987,989,983,981,982,978,980,975,976,979,973,979,979,967,3
,,,,,,,,,,,,,,,,
1002,1000,999,991,998,992,989,989,985,977,981,975,972,971,963,959,3
,,,,,,,,,,,,,,,,
1016,1009,1003,998,992,985,980,977,975,967,966,958,964,964,968,965,3
,,,,,,,,,,,,,,,,
1011,998,992,985,984,978,976,976,977,970,979,972,975,978,985,974,3
,,,,,,,,,,,,,,,,
1001,995,993,989,991,994,989,984,985,972,980,975,971,969,960,967,3
,,,,,,,,,,,,,,,,
1015,1009,1000,999,990,988,986,981,974,970,966,959,962,964,965,967,3
,,,,,,,,,,,,,,,,
1013,1004,990,989,979,976,978,975,975,978,974,977,974,978,975,977,3
,,,,,,,,,,,,,,,,
1001,996,995,994,989,990,984,982,984,989,975,978,976,966,967,964,3
,,,,,,,,,,,,,,,,
1015,1008,1006,997,998,992,989,983,971,972,965,970,963,966,962,961,3
,,,,,,,,,,,,,,,,
1015,996,990,992,981,981,975,975,966,974,976,977,968,971,979,973,3
,,,,,,,,,,,,,,,,
999,995,991,991,984,990,991,985,981,981,981,980,973,970,972,964,3
,,,,,,,,,,,,,,,,
1010,1003,1004,1000,991,995,988,985,978,975,970,962,962,975,964,958,3
,,,,,,,,,,,,,,,,
1013,1006,994,996,981,975,975,975,966,973,970,970,964,968,972,974,3
,,,,,,,,,,,,,,,,
997,998,994,987,984,984,976,982,984,982,980,979,981,972,969,969,3
,,,,,,,,,,,,,,,,
1009,998,1004,1000,996,994,991,989,979,972,977,972,965,967,963,965,3
,,,,,,,,,,,,,,,,
1018,1007,1000,996,982,980,975,975,971,973,971,968,969,970,971,968,3
,,,,,,,,,,,,,,,,
1001,995,992,986,985,981,986,976,984,982,979,980,982,977,973,969,3
,,,,,,,,,,,,,,,,
1007,1000,995,993,993,996,995,991,977,974,975,972,962,959,964,965,3
,,,,,,,,,,,,,,,,
1017,1011,1004,996,993,987,975,973,970,964,973,968,976,967,971,972,3
,,,,,,,,,,,,,,,,
1006,995,985,988,984,984,984,979,978,980,982,978,979,976,976,972,3
,,,,,,,,,,,,,,,,
1001,1004,997,995,997,992,989,989,980,980,976,972,969,966,961,961,3
,,,,,,,,,,,,,,,,
1018,1010,1000,1000,995,989,985,980,972,970,971,962,968,962,970,973,3
,,,,,,,,,,,,,,,,
1008,998,994,980,982,980,982,980,977,973,978,982,980,978,978,972,3
,,,,,,,,,,,,,,,,
1004,999,1000,995,994,997,989,988,988,978,980,978,972,969,968,967,3
,,,,,,,,,,,,,,,,
1015,1006,1004,1003,994,983,979,979,971,973,966,973,969,965,975,976,3
,,,,,,,,,,,,,,,,
1009,999,993,990,987,975,979,976,975,982,981,981,976,976,973,975,3
,,,,,,,,,,,,,,,,
999,997,995,987,994,990,985,987,981,978,982,977,970,969,964,964,3
,,,,,,,,,,,,,,,,
1017,1012,1000,1000,997,993,980,975,974,968,973,962,965,967,966,965,3
,,,,,,,,,,,,,,,,
1015,1003,990,990,982,981,979,971,974,973,975,973,977,971,975,974,3
,,,,,,,,,,,,,,,,
1002,989,992,994,985,987,983,992,983,984,984,972,978,972,968,966,3
,,,,,,,,,,,,,,,,
1006,1010,1004,1000,996,993,988,985,975,972,969,968,961,964,962,967,3
,,,,,,,,,,,,,,,,
1011,1007,992,993,986,983,979,970,978,977,976,979,979,969,980,976,3
,,,,,,,,,,,,,,,,
1000,995,996,983,990,989,980,985,984,981,983,980,979,973,976,971,3
,,,,,,,,,,,,,,,,
1008,1010,1003,1002,1007,997,988,984,978,970,964,970,966,964,962,956,3
,,,,,,,,,,,,,,,,
1016,1009,993,990,986,985,985,971,973,970,970,973,964,969,971,969,3
,,,,,,,,,,,,,,,,
1000,995,994,985,988,988,986,978,985,982,985,973,978,972,970,969,3
,,,,,,,,,,,,,,,,
1008,1008,1005,1001,998,991,989,987,979,976,967,962,959,958,954,955,3
,,,,,,,,,,,,,,,,
1014,1002,1001,995,990,981,974,968,972,962,964,973,965,968,964,977,3
,,,,,,,,,,,,,,,,
1002,995,984,986,982,981,978,982,980,980,978,978,971,970,972,967,3
,,,,,,,,,,,,,,,,
1009,1001,1001,998,995,990,988,985,981,981,974,965,965,962,963,962,3
,,,,,,,,,,,,,,,,
1017,1010,1005,1000,985,978,978,975,967,969,967,962,967,970,974,968,3
,,,,,,,,,,,,,,,,
1007,996,995,985,976,982,981,980,981,978,980,981,975,970,972,968,3
,,,,,,,,,,,,,,,,
1003,999,1000,997,994,992,989,981,983,982,978,973,965,961,953,961,3
,,,,,,,,,,,,,,,,
1014,1009,1005,993,992,980,976,978,970,969,968,966,969,965,964,965,3
,,,,,,,,,,,,,,,,
997,998,991,989,983,979,975,974,975,979,980,976,976,975,977,976,3
,,,,,,,,,,,,,,,,
1003,996,998,996,990,989,994,988,989,987,978,980,969,965,962,960,3
,,,,,,,,,,,,,,,,
1011,1011,1010,1002,998,987,983,978,974,974,968,969,965,967,966,970,3
,,,,,,,,,,,,,,,,
1007,1000,993,990,986,982,978,979,978,978,978,969,981,970,978,971,3
,,,,,,,,,,,,,,,,
1006,1001,996,996,986,991,988,990,986,983,979,978,970,968,964,960,3
,,,,,,,,,,,,,,,,
1014,1007,1002,1000,990,991,986,985,981,978,971,968,964,967,964,967,3
,,,,,,,,,,,,,,,,
1005,1004,996,993,988,984,979,975,978,972,974,973,976,975,975,975,3
,,,,,,,,,,,,,,,,
999,996,994,991,988,982,988,985,988,987,988,981,970,969,969,969,3
,,,,,,,,,,,,,,,,
1010,1006,1004,1002,994,993,987,985,980,975,976,973,969,965,968,961,3
,,,,,,,,,,,,,,,,
1010,1003,997,993,988,985,982,972,978,977,973,978,978,977,978,976,3
,,,,,,,,,,,,,,,,
1006,998,986,992,991,982,985,987,986,987,976,975,981,973,967,966,3
,,,,,,,,,,,,,,,,
1003,1009,1001,993,996,995,988,989,983,978,972,970,965,963,965,965,3
,,,,,,,,,,,,,,,,
1013,1005,997,995,987,983,982,982,970,970,974,975,978,976,969,978,3