 595, 550, 516, 475, 446, 410, 376, 347, 316, 295, 275, 246, 229, 212, 197, 183,2
 700, 668, 630, 600, 575, 543, 518, 494, 466, 445, 421, 405, 387, 367, 355, 333,2
 161, 165, 155, 157, 164, 160, 169, 160, 162, 164, 161, 169, 169, 169, 172, 168,2
 0, 0, 0, 8, 20, 23, 30, 36, 39, 41, 46, 52, 58, 60, 63, 57,2
 0, 0, 0, 0, 9, 7, 19, 19, 16, 24, 20, 28, 37, 40, 44, 40,2
 552, 511, 472, 434, 406, 372, 346, 322, 290, 271, 247, 231, 213, 196, 184, 173,2
 742, 712, 664, 628, 602, 563, 537, 503, 474, 452, 432, 413, 393, 376, 362, 351,2
 202, 200, 202, 200, 203, 199, 198, 195, 191, 189, 183, 182, 187, 185, 184, 177,2
 0, 5, 13, 18, 25, 25, 32, 42, 38, 41, 44, 46, 57, 61, 60, 67,2
 0, 0, 0, 0, 7, 15, 17, 23, 24, 25, 29, 26, 28, 34, 30, 28,2
 477, 438, 404, 373, 348, 326, 304, 275, 256, 235, 222, 204, 191, 174, 162, 155,2
 760, 709, 670, 635, 602, 575, 542, 513, 485, 460, 441, 419, 396, 380, 363, 356,2
 260, 259, 247, 248, 236, 233, 228, 220, 218, 209, 207, 203, 201, 198, 191, 190,2
 2, 2, 12, 20, 33, 39, 45, 48, 50, 55, 58, 70, 68, 69, 70, 72,2
 0, 0, 0, 0, 0, 6, 4, 11, 15, 18, 24, 27, 34, 34, 39, 40,2
 391, 358, 337, 316, 295, 272, 254, 240, 221, 199, 182, 163, 157, 142, 131, 119,2
 757, 709, 669, 632, 596, 563, 530, 502, 476, 451, 420, 402, 377, 361, 346, 324,2
 314, 307, 292, 280, 272, 267, 261, 249, 236, 227, 231, 232, 235, 232, 228, 235,2
 21, 28, 33, 37, 39, 50, 49, 58, 56, 60, 64, 67, 78, 76, 83, 84,2
 0, 0, 0, 1, 7, 12, 13, 20, 18, 22, 28, 30, 37, 35, 39, 43,2
 168, 160, 150, 143, 135, 118, 104, 90, 79, 73, 57, 53, 49, 38, 41, 25,2
 583, 531, 491, 453, 421, 392, 356, 334, 297, 275, 257, 234, 224, 204, 191, 175,2
 724, 691, 655, 622, 595, 560, 532, 504, 476, 452, 432, 410, 391, 380, 352, 347,2
 165, 162, 168, 154, 162, 162, 163, 170, 165, 167, 167, 171, 176, 170, 173, 166,2
 11, 21, 24, 40, 42, 49, 50, 53, 56, 58, 61, 63, 70, 70, 66, 81,2
 0, 0, 0, 0, 0, 0, 0, 0, 0, 0, 3, 9, 13, 22, 19, 27,2
 224, 205, 185, 177, 162, 154, 140, 128, 119, 110, 107, 102, 91, 82, 69, 67,2
 737, 690, 644, 596, 565, 537, 500, 477, 443, 417, 396, 367, 357, 328, 314, 290,2
 472, 451, 434, 419, 407, 396, 376, 362, 333, 315, 302, 289, 284, 282, 280, 278,2
 47, 53, 61, 66, 68, 70, 74, 76, 80, 76, 82, 84, 87, 91, 88, 86,2
 0, 0, 0, 4, 5, 13, 18, 27, 24, 29, 29, 34, 41, 40, 46, 42,2
 256, 236, 214, 203, 190, 181, 162, 150, 137, 125, 120, 107, 105, 95, 91, 87,2
 741, 692, 653, 605, 575, 536, 500, 474, 441, 420, 398, 369, 348, 332, 314, 303,2
 410, 402, 388, 376, 365, 354, 347, 339, 329, 323, 311, 300, 295, 279, 264, 248,2
 39, 41, 45, 55, 64, 69, 70, 73, 70, 73, 82, 78, 86, 89, 86, 94,2
 0, 0, 0, 0, 4, 11, 13, 23, 25, 25, 33, 29, 35, 41, 42, 43,2
 282, 263, 250, 231, 222, 209, 187, 184, 166, 156, 141, 127, 126, 113, 106, 97,2
 748, 703, 660, 621, 580, 553, 518, 481, 454, 420, 401, 369, 354, 335, 317, 302,2
 359, 352, 346, 335, 329, 324, 315, 312, 301, 295, 295, 285, 285, 272, 273, 270,2
 27, 30, 34, 45, 50, 58, 62, 65, 68, 74, 78, 75, 84, 86, 88, 90,2
 0, 0, 0, 0, 7, 9, 11, 18, 17, 24, 26, 30, 36, 39, 43, 41,2
 315, 294, 268, 242, 231, 215, 200, 190, 174, 168, 154, 147, 135, 127, 122, 106,2
 749, 704, 661, 624, 590, 548, 523, 491, 463, 441, 406, 388, 365, 350, 327, 307,2
 327, 308, 295, 292, 291, 288, 278, 278, 269, 267, 265, 262, 265, 261, 259, 256,2
 16, 24, 33, 38, 42, 45, 52, 57, 55, 59, 59, 71, 80, 76, 81, 81,2
 0, 0, 0, 3, 12, 13, 23, 19, 17, 29, 25, 32, 32, 33, 37, 39,2
 365, 335, 310, 285, 265, 241, 218, 203, 183, 171, 161, 150, 140, 133, 129, 118,2
 755, 708, 669, 631, 591, 563, 529, 504, 472, 442, 422, 394, 379, 363, 338, 326,2
 309, 305, 287, 282, 269, 256, 251, 236, 224, 225, 218, 226, 223, 231, 227, 222,2
 12, 25, 28, 34, 44, 49, 50, 51, 52, 59, 62, 63, 67, 70, 77, 82,2
 0, 0, 0, 0, 1, 10, 8, 18, 24, 23, 24, 30, 31, 37, 39, 36,2
 376, 349, 325, 315, 291, 271, 246, 228, 204, 188, 167, 157, 146, 133, 121, 112,2
 756, 715, 679, 632, 602, 567, 539, 513, 483, 450, 432, 406, 391, 368, 349, 329,2
 295, 286, 277, 265, 260, 252, 248, 242, 233, 227, 220, 217, 206, 202, 200, 199,2
 6, 12, 18, 33, 36, 49, 45, 52, 57, 64, 63, 67, 62, 75, 71, 77,2
 0, 0, 0, 0, 0, 0, 0, 15, 9, 16, 21, 22, 35, 34, 38, 39,2
 415, 389, 353, 329, 307, 285, 267, 247, 230, 212, 197, 184, 170, 157, 142, 128,2
 760, 714, 674, 637, 609, 576, 544, 514, 486, 459, 437, 414, 398, 378, 359, 348,2
 305, 295, 293, 275, 272, 263, 252, 253, 237, 235, 228, 219, 223, 213, 212, 208,2
 0, 0, 10, 17, 27, 30, 41, 46, 50, 58, 56, 63, 69, 67, 75, 72,2
 0, 0, 0, 6, 1, 8, 0, 7, 4, 0, 11, 1, 9, 14, 18, 31,2
 304, 274, 253, 234, 212, 199, 180, 158, 142, 132, 111, 99, 92, 76, 75, 76,2
 754, 708, 675, 637, 612, 580, 550, 528, 501, 486, 459, 445, 430, 405, 389, 376,2
 385, 368, 359, 346, 336, 329, 316, 309, 295, 291, 279, 277, 272, 267, 261, 263,2
 1, 16, 9, 19, 28, 25, 37, 33, 40, 39, 45, 58, 61, 73, 79, 84,2
 0, 0, 0, 0, 7, 12, 13, 26, 24, 27, 28, 22, 30, 22, 16, 19,2
 371, 344, 307, 288, 256, 231, 216, 191, 176, 162, 145, 134, 122, 112, 82, 87,2
 762, 720, 679, 639, 614, 581, 554, 524, 484, 477, 451, 438, 418, 400, 387, 385,2
 350, 341, 336, 331, 329, 317, 304, 300, 292, 287, 283, 269, 273, 263, 263, 257,2
 3, 15, 10, 27, 28, 35, 39, 36, 40, 44, 45, 46, 52, 62, 64, 77,2
 0, 0, 0, 0, 0, 10, 12, 24, 19, 19, 18, 22, 30, 34, 25, 23,2
 352, 328, 295, 257, 247, 219, 207, 183, 162, 147, 135, 122, 108, 95, 75, 72,2
 761, 712, 677, 637, 611, 579, 547, 518, 497, 474, 461, 439, 420, 401, 386, 380,2
 397, 387, 372, 363, 345, 339, 325, 319, 312, 293, 292, 280, 280, 275, 261, 261,2
 0, 2, 13, 14, 27, 33, 42, 52, 47, 59, 64, 65, 79, 77, 87, 86,2
 0, 0, 0, 0, 3, 10, 6, 6, 5, 0, 10, 10, 12, 13, 12, 23,2
 263, 235, 218, 210, 189, 169, 149, 132, 124, 110, 107, 92, 90, 82, 75, 71,2
 743, 691, 644, 610, 572, 530, 499, 465, 438, 414, 392, 370, 351, 336, 313, 302,2
 722, 700, 665, 642, 624, 592, 576, 546, 522, 480, 450, 427, 404, 400, 387, 384,2
 101, 98, 99, 105, 105, 108, 104, 113, 102, 110, 105, 114, 115, 110, 118, 117,2
 0, 0, 0, 0, 11, 10, 13, 20, 17, 24, 22, 28, 35, 32, 29, 37,2
 0, 0, 0, 0, 0, 0, 0, 0, 0, 0, 0, 0, 0, 0, 0, 0,2
 733, 680, 637, 592, 556, 521, 485, 456, 416, 387, 359, 319, 296, 267, 244, 219,2
 769, 731, 701, 670, 649, 630, 592, 588, 564, 554, 531, 510, 493, 468, 440, 415,2
 137, 139, 136, 146, 141, 140, 131, 122, 125, 123, 129, 141, 153, 160, 168, 179,2
 0, 0, 0, 0, 3, 11, 11, 22, 28, 27, 32, 34, 39, 46, 44, 45,2
 0, 0, 0, 0, 0, 0, 0, 0, 0, 0, 0, 0, 0, 0, 2, 1,2
 550, 509, 477, 433, 395, 369, 333, 314, 279, 252, 235, 205, 188, 178, 143, 140,2
 769, 730, 695, 660, 629, 607, 580, 562, 523, 495, 482, 454, 453, 418, 405, 385,2
 311, 297, 290, 287, 293, 290, 281, 276, 268, 263, 273, 260, 255, 251, 246, 252,2
 5, 6, 16, 22, 25, 39, 26, 42, 35, 40, 54, 45, 63, 63, 70, 73,2
 0, 0, 0, 8, 5, 13, 5, 14, 14, 12, 15, 3, 18, 19, 22, 20,2
 259, 230, 224, 193, 176, 165, 139, 129, 109, 104, 108, 95, 89, 77, 62, 53,2
 756, 724, 688, 642, 615, 580, 552, 527, 489, 472, 444, 424, 402, 380, 367, 342,2
 514, 492, 468, 453, 433, 417, 390, 371, 354, 337, 336, 335, 335, 335, 338, 327,2
 43, 47, 54, 58, 62, 70, 71, 81, 79, 78, 87, 90, 96, 96, 108, 103,2
 0, 0, 0, 0, 0, 0, 5, 12, 11, 15, 11, 22, 27, 36, 37, 30,2
 0, 0, 0, 0, 0, 0, 0, 0, 0, 0, 0, 0, 0, 0, 0, 0,2
 734, 675, 641, 595, 567, 526, 494, 469, 443, 421, 393, 361, 346, 325, 317, 287,2
 760, 738, 708, 673, 628, 579, 550, 522, 503, 496, 475, 471, 456, 444, 434, 423,2
 117, 125, 123, 123, 129, 121, 127, 128, 125, 135, 126, 138, 130, 121, 114, 122,2
 0, 0, 0, 0, 3, 7, 12, 17, 17, 24, 25, 22, 33, 35, 39, 46,2
 0, 0, 0, 0, 0, 0, 0, 0, 0, 0, 0, 0, 0, 0, 0, 0,2
 612, 571, 515, 480, 439, 406, 369, 343, 307, 289, 254, 242, 220, 201, 179, 161,2
 750, 706, 660, 638, 605, 586, 566, 534, 517, 497, 476, 465, 433, 421, 409, 389,2
 266, 259, 255, 257, 245, 245, 245, 242, 242, 234, 235, 238, 239, 246, 233, 237,2
 0, 0, 6, 19, 28, 23, 36, 50, 45, 46, 48, 51, 55, 63, 58, 62,2
 0, 0, 0, 0, 0, 0, 0, 0, 0, 0, 0, 0, 0, 0, 0, 2,2
 311, 287, 253, 236, 220, 197, 181, 150, 136, 123, 110, 99, 86, 84, 83, 71,2
 757, 715, 674, 647, 619, 590, 550, 531, 504, 481, 451, 433, 408, 391, 376, 358,2
 485, 459, 440, 415, 396, 387, 372, 362, 341, 326, 316, 299, 295, 280, 278, 284,2
 35, 41, 51, 52, 61, 59, 65, 72, 64, 72, 77, 79, 89, 89, 97, 96,2
 0, 0, 0, 2, 0, 8, 3, 12, 15, 13, 18, 24, 22, 37, 34, 36,2
 39, 30, 32, 35, 35, 28, 23, 19, 20, 19, 9, 1, 4, 0, 0, 0,2
 743, 688, 657, 605, 564, 530, 494, 475, 434, 411, 392, 370, 360, 329, 304, 297,2
 762, 723, 692, 662, 635, 614, 579, 544, 510, 475, 460, 444, 439, 421, 421, 412,2
 106, 103, 109, 104, 110, 111, 112, 109, 110, 107, 112, 114, 121, 119, 122, 119,2
 0, 0, 0, 0, 2, 8, 9, 19, 24, 26, 22, 23, 36, 34, 42, 44,2
 0, 0, 0, 0, 0, 0, 0, 0, 0, 0, 0, 0, 0, 0, 0, 0,2
 673, 623, 568, 517, 478, 431, 398, 354, 326, 299, 276, 264, 236, 213, 195, 178,2
 759, 715, 674, 635, 596, 564, 532, 513, 483, 470, 453, 435, 426, 412, 399, 387,2
 281, 290, 276, 288, 275, 275, 271, 265, 261, 247, 242, 236, 236, 242, 243, 236,2
 0, 0, 1, 0, 14, 14, 29, 38, 30, 45, 44, 54, 59, 60, 66, 65,2
 0, 0, 0, 0, 0, 0, 0, 0, 0, 0, 0, 0, 0, 1, 15, 12,2
 448, 417, 372, 343, 311, 283, 260, 227, 209, 186, 173, 156, 137, 130, 107, 97,2
 761, 717, 678, 645, 611, 578, 554, 528, 493, 469, 452, 426, 419, 402, 384, 379,2
 353, 355, 339, 332, 334, 315, 310, 299, 290, 286, 274, 269, 267, 264, 257, 250,2
 0, 3, 12, 14, 28, 25, 34, 39, 44, 49, 56, 67, 69, 71, 75, 82,2
 0, 0, 0, 9, 1, 8, 4, 1, 9, 1, 12, 3, 10, 25, 15, 31,2
 278, 258, 250, 234, 212, 206, 183, 167, 156, 145, 137, 134, 131, 115, 108, 87,2
 756, 716, 676, 646, 614, 586, 558, 527, 492, 475, 455, 434, 411, 380, 375, 354,2
 455, 443, 424, 414, 396, 372, 361, 348, 343, 320, 312, 300, 284, 281, 258, 256,2
 17, 25, 35, 43, 51, 56, 63, 69, 65, 72, 65, 72, 82, 77, 88, 78,2
 0, 0, 0, 2, 2, 10, 13, 19, 20, 18, 27, 24, 34, 36, 31, 43,2
 0, 0, 0, 0, 0, 0, 0, 0, 0, 2, 1, 2, 13, 12, 19, 22,2
 533, 495, 453, 424, 382, 360, 326, 297, 276, 241, 225, 194, 175, 164, 146, 136,2
 757, 732, 681, 656, 624, 602, 586, 550, 525, 501, 480, 464, 447, 421, 405, 386,2
 258, 254, 244, 235, 238, 231, 232, 229, 215, 222, 226, 232, 232, 229, 226, 230,2
 0, 0, 0, 16, 14, 28, 27, 33, 45, 51, 56, 54, 55, 59, 63, 69,2
 0, 0, 0, 0, 0, 8, 2, 14, 17, 19, 24, 21, 29, 30, 32, 31,2
 168, 160, 151, 136, 113, 105, 88, 78, 57, 48, 39, 37, 36, 32, 33, 25,2
 766, 709, 673, 632, 600, 573, 537, 508, 469, 452, 424, 405, 384, 361, 344, 322,2
 536, 513, 492, 465, 450, 433, 422, 407, 387, 374, 365, 346, 352, 347, 336, 339,2
 46, 44, 53, 56, 65, 65, 65, 76, 72, 82, 82, 85, 95, 98, 107, 99,2
 0, 0, 0, 0, 1, 6, 8, 10, 14, 11, 22, 24, 28, 36, 31, 40,2
 75, 57, 52, 51, 43, 51, 33, 44, 36, 35, 39, 16, 24, 18, 10, 11,2
 749, 707, 666, 628, 587, 550, 525, 492, 461, 427, 394, 380, 355, 340, 310, 298,2
 567, 539, 528, 508, 500, 486, 469, 462, 436, 435, 422, 417, 400, 400, 390, 381,2
 51, 58, 63, 76, 66, 85, 83, 91, 96, 91, 99, 102, 104, 105, 104, 109,2
 0, 0, 0, 0, 1, 0, 10, 15, 19, 20, 22, 25, 38, 32, 39, 38,2
 32, 26, 28, 27, 24, 23, 21, 20, 13, 9, 6, 3, 4, 0, 2, 0,2
 750, 704, 652, 619, 579, 539, 514, 473, 440, 414, 391, 374, 354, 329, 321, 302,2
 634, 621, 592, 583, 554, 537, 513, 505, 489, 472, 458, 445, 433, 416, 388, 368,2
 60, 65, 82, 84, 91, 90, 96, 97, 100, 103, 95, 105, 108, 107, 113, 106,2
 0, 0, 0, 0, 3, 9, 15, 25, 20, 23, 26, 31, 32, 34, 34, 37,2
 0, 7, 0, 0, 0, 0, 0, 0, 0, 0, 0, 0, 0, 0, 0, 0,2
 743, 692, 643, 593, 572, 527, 498, 463, 431, 420, 396, 369, 348, 321, 312, 297,2
 703, 680, 649, 632, 612, 586, 570, 549, 518, 495, 450, 430, 409, 399, 387, 384,2
 76, 86, 88, 90, 100, 99, 104, 107, 105, 106, 101, 106, 111, 110, 113, 106,2
 0, 0, 0, 3, 5, 8, 17, 17, 16, 25, 23, 32, 27, 32, 33, 39,2
 0, 0, 0, 0, 0, 0, 0, 0, 0, 0, 0, 0, 0, 0, 0, 0,2
 738, 689, 650, 607, 571, 524, 496, 469, 441, 417, 389, 368, 354, 331, 312, 289,2
 655, 644, 602, 586, 569, 543, 541, 519, 496, 486, 470, 459, 430, 399, 375, 355,2
 60, 68, 77, 73, 82, 86, 92, 100, 98, 99, 102, 102, 105, 111, 108, 105,2
 0, 0, 0, 0, 1, 8, 7, 6, 17, 20, 24, 23, 28, 33, 38, 37,2
 72, 70, 56, 51, 54, 39, 44, 33, 31, 34, 23, 25, 19, 21, 17, 3,2
 752, 706, 676, 626, 594, 563, 529, 503, 466, 452, 421, 400, 383, 354, 340, 316,2
 496, 472, 451, 429, 403, 391, 357, 344, 324, 328, 327, 324, 322, 327, 322, 320,2
 20, 23, 40, 36, 50, 58, 62, 71, 70, 63, 74, 76, 85, 80, 79, 85,2
 0, 0, 0, 0, 0, 0, 0, 3, 0, 0, 14, 9, 19, 23, 17, 33,2
 324, 289, 271, 243, 224, 208, 190, 172, 153, 138, 122, 106, 93, 84, 77, 79,2
 765, 713, 680, 647, 611, 589, 542, 518, 496, 468, 461, 433, 418, 408, 392, 384,2
 289, 283, 280, 278, 270, 270, 266, 267, 259, 259, 253, 259, 257, 260, 242, 249,2
 0, 0, 0, 0, 12, 22, 24, 33, 35, 40, 50, 47, 62, 58, 64, 72,2
 0, 0, 0, 0, 0, 0, 0, 0, 0, 0, 1, 4, 9, 15, 19, 16,2
 641, 588, 538, 495, 462, 410, 385, 349, 319, 298, 268, 244, 230, 209, 192, 171,2
 778, 735, 708, 684, 651, 636, 602, 584, 550, 519, 494, 461, 444, 424, 397, 394,2
 120, 126, 120, 115, 122, 127, 127, 137, 118, 118, 123, 117, 135, 121, 127, 139,2
 0, 0, 0, 0, 5, 11, 12, 11, 15, 22, 24, 28, 26, 39, 40, 40,2
 0, 0, 0, 0, 0, 0, 0, 0, 0, 0, 0, 0, 0, 0, 0, 0,2
 735, 689, 644, 601, 565, 527, 489, 470, 441, 411, 392, 370, 350, 341, 308, 290,2
 595, 578, 558, 540, 530, 505, 498, 474, 468, 451, 437, 431, 420, 409, 398, 379,2
 44, 53, 55, 59, 68, 75, 72, 88, 80, 91, 96, 97, 106, 101, 104, 108,2
 0, 0, 0, 5, 0, 7, 15, 14, 22, 12, 19, 23, 24, 45, 29, 35,2
 169, 163, 151, 129, 120, 101, 91, 78, 57, 46, 28, 32, 28, 23, 27, 20,2
 748, 723, 674, 631, 608, 570, 550, 512, 492, 460, 440, 425, 390, 382, 356, 342,2
 452, 444, 417, 404, 394, 373, 367, 343, 340, 323, 314, 309, 292, 295, 282, 280,2
 3, 8, 21, 27, 35, 42, 54, 57, 62, 64, 69, 71, 77, 86, 88, 85,2
 0, 0, 0, 0, 11, 6, 17, 1, 6, 11, 1, 20, 5, 20, 23, 19,2
 323, 293, 279, 254, 239, 210, 197, 177, 161, 152, 123, 120, 103, 97, 83, 72,2
 745, 710, 663, 617, 596, 554, 529, 494, 456, 436, 408, 384, 363, 337, 316, 300,2
 543, 512, 477, 458, 435, 432, 416, 405, 397, 383, 384, 379, 368, 369, 357, 357,2
 48, 48, 47, 52, 55, 71, 64, 76, 73, 73, 89, 83, 97, 95, 102, 108,2
 0, 0, 0, 1, 15, 10, 9, 17, 14, 20, 19, 17, 25, 30, 36, 37,2
 154, 133, 121, 108, 85, 76, 63, 60, 47, 39, 40, 38, 43, 37, 37, 30,2
 725, 681, 634, 596, 559, 519, 492, 455, 424, 397, 361, 336, 304, 288, 250, 229,2
 754, 718, 679, 659, 623, 598, 569, 539, 523, 499, 472, 460, 434, 419, 405, 384,2
 246, 242, 240, 228, 234, 223, 221, 218, 219, 218, 222, 226, 231, 228, 226, 232,2
 0, 0, 1, 8, 7, 19, 23, 32, 37, 46, 48, 52, 62, 58, 65, 65,2
 0, 0, 0, 0, 0, 5, 4, 5, 6, 12, 20, 24, 15, 26, 26, 36,2
 505, 469, 431, 404, 368, 332, 300, 278, 252, 225, 205, 178, 166, 146, 132, 118,2
 755, 728, 696, 656, 629, 592, 573, 549, 525, 500, 471, 455, 436, 426, 399, 382,2
 263, 265, 252, 252, 245, 247, 243, 241, 238, 233, 238, 239, 240, 238, 231, 235,2
 0, 0, 0, 7, 12, 30, 36, 37, 39, 40, 50, 55, 57, 62, 55, 64,2
 0, 0, 0, 0, 2, 0, 5, 14, 12, 17, 15, 20, 22, 30, 36, 36,2
 463, 433, 387, 359, 323, 289, 272, 233, 219, 193, 175, 159, 134, 134, 115, 109,2
 760, 734, 692, 655, 634, 602, 570, 541, 511, 485, 468, 443, 424, 401, 389, 373,2
 292, 290, 289, 283, 280, 284, 279, 271, 272, 261, 262, 261, 252, 250, 244, 242,2
 0, 8, 7, 24, 35, 27, 45, 40, 46, 53, 35, 49, 50, 63, 62, 60,2
 0, 0, 0, 0, 1, 1, 8, 22, 15, 24, 27, 29, 33, 27, 32, 22,2
 374, 332, 308, 280, 252, 229, 213, 193, 177, 155, 146, 124, 117, 103, 86, 83,2
 761, 708, 676, 641, 612, 575, 548, 524, 506, 480, 457, 437, 419, 407, 384, 374,2
 400, 390, 380, 354, 350, 344, 328, 327, 303, 306, 292, 282, 287, 261, 267, 253,2
 0, 9, 18, 35, 46, 46, 56, 58, 63, 66, 73, 79, 82, 85, 77, 85,2
 0, 0, 0, 0, 0, 0, 4, 5, 0, 18, 13, 27, 23, 26, 31, 31,2
 177, 166, 162, 150, 135, 113, 94, 92, 67, 56, 46, 41, 40, 35, 34, 33,2
 753, 712, 669, 632, 602, 562, 530, 504, 467, 446, 424, 400, 377, 357, 336, 312,2
 519, 502, 467, 451, 441, 429, 427, 414, 401, 403, 390, 387, 382, 372, 372, 360,2
 51, 59, 58, 66, 71, 77, 86, 93, 89, 92, 100, 103, 103, 104, 107, 104,2
 0, 0, 0, 0, 13, 2, 15, 16, 17, 29, 16, 25, 34, 36, 46, 30,2
 11, 18, 9, 4, 4, 0, 0, 0, 0, 0, 0, 0, 0, 0, 0, 0,2
 726, 684, 630, 594, 564, 534, 504, 468, 442, 414, 392, 365, 344, 320, 306, 284,2
 763, 730, 702, 651, 613, 568, 539, 514, 504, 493, 471, 461, 455, 436, 436, 423,2
 109, 113, 108, 115, 113, 115, 110, 109, 116, 122, 119, 122, 123, 129, 116, 116,2
 0, 0, 0, 1, 0, 4, 16, 19, 21, 18, 25, 30, 36, 40, 35, 36,2
 0, 0, 0, 0, 0, 0, 0, 0, 0, 0, 0, 0, 0, 0, 0, 0,2
 713, 660, 607, 559, 513, 480, 432, 391, 348, 324, 286, 266, 238, 226, 202, 196,2
 759, 737, 708, 683, 656, 620, 597, 559, 532, 504, 468, 446, 432, 415, 397, 387,2
 146, 133, 135, 145, 139, 140, 148, 154, 167, 176, 180, 184, 191, 197, 192, 191,2
 0, 0, 0, 5, 6, 15, 20, 25, 23, 22, 34, 33, 44, 44, 43, 54,2
 0, 0, 0, 0, 0, 0, 0, 0, 0, 0, 0, 1, 3, 4, 7, 9,2
 573, 521, 486, 449, 412, 384, 351, 328, 300, 274, 247, 219, 206, 177, 155, 147,2
 749, 711, 673, 641, 610, 589, 559, 537, 514, 488, 477, 453, 446, 421, 409, 387,2
 252, 243, 238, 234, 226, 235, 223, 224, 216, 217, 223, 219, 230, 230, 225, 234,2
 0, 0, 0, 8, 11, 23, 24, 33, 36, 39, 57, 51, 62, 57, 60, 72,2
 0, 0, 0, 0, 0, 10, 1, 15, 8, 15, 15, 26, 29, 28, 33, 41,2
 460, 414, 375, 352, 314, 287, 254, 232, 210, 193, 174, 154, 139, 127, 111, 104,2
 756, 729, 690, 653, 619, 587, 559, 534, 506, 473, 450, 431, 421, 404, 383, 368,2
 319, 302, 303, 295, 290, 293, 283, 284, 267, 264, 263, 254, 263, 246, 247, 243,2
 0, 6, 19, 16, 29, 35, 33, 43, 36, 36, 45, 52, 59, 62, 59, 71,2
 0, 0, 0, 0, 6, 2, 13, 13, 17, 29, 25, 35, 32, 24, 29, 31,2
 379, 345, 318, 285, 263, 241, 218, 201, 175, 166, 150, 130, 129, 106, 100, 93,2
 751, 722, 678, 637, 616, 574, 554, 520, 495, 473, 451, 432, 412, 400, 387, 370,2
 346, 347, 336, 320, 320, 308, 300, 293, 279, 283, 270, 265, 265, 254, 251, 248,2
 1, 11, 19, 21, 31, 24, 34, 46, 41, 37, 46, 49, 58, 65, 71, 74,2
 0, 0, 0, 0, 3, 4, 12, 16, 22, 24, 25, 29, 27, 30, 28, 25,2
 385, 350, 323, 292, 269, 248, 227, 207, 182, 168, 151, 141, 126, 118, 99, 83,2
 762, 726, 687, 650, 618, 580, 555, 528, 496, 475, 448, 438, 415, 403, 381, 365,2
 310, 301, 298, 295, 294, 289, 289, 278, 271, 267, 260, 262, 251, 249, 242, 242,2
 0, 4, 4, 19, 31, 37, 42, 33, 39, 46, 54, 54, 48, 55, 65, 64,2
 0, 0, 0, 0, 0, 0, 9, 10, 19, 14, 15, 29, 26, 42, 35, 34,2
 176, 168, 163, 146, 136, 118, 103, 93, 69, 59, 46, 39, 38, 32, 24, 28,2
 759, 717, 679, 639, 607, 577, 545, 515, 481, 457, 441, 418, 394, 371, 350, 338,2
 477, 453, 429, 409, 397, 380, 369, 348, 340, 321, 315, 302, 279, 272, 260, 278,2
 20, 22, 31, 45, 50, 59, 61, 65, 66, 66, 73, 71, 77, 84, 79, 85,2
 0, 0, 0, 0, 0, 0, 10, 0, 6, 11, 12, 31, 25, 30, 28, 34,2
 248, 227, 208, 179, 167, 148, 131, 137, 123, 114, 100, 80, 81, 70, 51, 39,2
 748, 717, 679, 648, 623, 580, 556, 519, 504, 479, 448, 434, 409, 394, 375, 352,2
 412, 400, 391, 368, 366, 343, 336, 324, 310, 307, 294, 281, 276, 273, 263, 262,2
 0, 9, 12, 22, 22, 28, 47, 50, 58, 51, 67, 74, 79, 86, 83, 88,2
 0, 0, 0, 5, 12, 7, 16, 14, 12, 18, 7, 16, 18, 18, 24, 17,2
 364, 325, 300, 265, 252, 229, 205, 193, 171, 150, 145, 126, 112, 92, 86, 78,2
 754, 719, 682, 648, 615, 579, 553, 520, 502, 474, 450, 438, 415, 408, 387, 373,2
 290, 290, 284, 287, 278, 274, 272, 270, 266, 257, 254, 249, 253, 246, 242, 237,2
 0, 0, 0, 8, 19, 28, 31, 44, 37, 47, 55, 57, 55, 56, 61, 60,2
 0, 0, 0, 0, 0, 0, 10, 6, 12, 6, 12, 24, 21, 27, 21, 22,2
 579, 526, 477, 441, 406, 383, 345, 321, 290, 266, 250, 218, 201, 180, 159, 148,2
 770, 738, 707, 672, 637, 594, 564, 528, 504, 474, 455, 438, 423, 413, 396, 391,2
 138, 151, 141, 142, 135, 132, 141, 126, 131, 142, 151, 168, 168, 176, 182, 187,2
 0, 0, 0, 0, 15, 4, 11, 19, 14, 30, 24, 31, 32, 36, 45, 40,2
 0, 0, 0, 0, 0, 0, 0, 0, 0, 0, 0, 0, 0, 0, 0, 0,2
 726, 684, 641, 595, 568, 528, 494, 467, 422, 398, 373, 341, 322, 285, 263, 235,2
 762, 724, 702, 662, 634, 578, 538, 514, 498, 486, 474, 453, 446, 438, 431, 416,2
 93, 100, 94, 106, 104, 107, 110, 114, 95, 109, 105, 111, 119, 114, 111, 114,2
 0, 0, 0, 0, 3, 11, 13, 19, 16, 21, 34, 30, 30, 32, 32, 45,2
 10, 5, 0, 0, 1, 1, 0, 0, 0, 0, 0, 0, 0, 0, 0, 0,2
 746, 692, 647, 601, 575, 536, 500, 478, 438, 417, 392, 361, 364, 328, 317, 298,2
 630, 606, 589, 573, 551, 533, 510, 504, 487, 472, 455, 439, 429, 412, 376, 359,2
 61, 71, 74, 78, 82, 85, 97, 95, 89, 95, 97, 105, 108, 106, 103, 108,2
 0, 0, 0, 0, 5, 4, 17, 15, 14, 20, 26, 29, 37, 33, 40, 38,2
 31, 36, 29, 30, 32, 24, 24, 18, 18, 8, 0, 0, 0, 0, 0, 0,2
 755, 710, 655, 616, 579, 542, 517, 477, 446, 415, 388, 371, 353, 330, 315, 302,2
 598, 582, 562, 545, 533, 508, 496, 482, 465, 454, 450, 436, 427, 415, 399, 372,2
 58, 69, 63, 78, 76, 90, 89, 98, 97, 90, 105, 103, 104, 112, 109, 109,2
 0, 0, 0, 0, 6, 7, 6, 13, 16, 26, 27, 25, 33, 33, 38, 39,2
 15, 16, 12, 12, 11, 7, 5, 4, 0, 0, 0, 0, 0, 0, 0, 0,2